"Epoch","End Date","Staked","Rewards","Accumulated","Unstake Rewards","Unstake Accumulated","Available Rewards","Price (USD)","Rewards in USD","Accumulated in USD","Total Earned (USD)"
"125","2025-09-08 07:39","196360761.801874000","64893.698281917","8494532.104022365","0.000000000","704226.267787694","7790305.836234671","0.18575322102638553","12054.2135","1577886.6994","1447074.4019"
"126","2025-09-09 07:39","196360761.801874000","64972.826784378","8559504.930806743","0.000000000","704226.267787694","7855278.663019049","0.1908231359748676","12398.3186","1633351.5733","1498968.9084"
"127","2025-09-10 07:39","196360761.801874000","64835.689083150","8624340.619889893","0.000000000","704226.267787694","7920114.352102199","0.18962962136663505","12294.7672","1635430.4463","1501888.2858"
"128","2025-09-11 07:39","172360761.801874000","58491.064157686","8682831.684047579","1016491.416687848","1720717.684475542","6962113.999572037","0.1950068361765679","11406.1574","1693211.5358","1555882.5993"
"129","2025-09-12 07:39","172360761.801874000","57951.761273575","8740783.445321154","0.000000000","1720717.684475542","7020065.760845612","0.19470580630014767","11283.5444","1701881.2884","1565070.3394"
"130","2025-09-13 07:39","172360761.801874000","58054.029075318","8798837.474396472","0.000000000","1720717.684475542","7078119.789920930","0.19902103485739772","11553.9729","1751153.7397","1606917.5006"
"131","2025-09-14 07:39","172360761.801874000","58721.385332341","8857558.859728813","0.000000000","1720717.684475542","7136841.175253271","0.20215297640831256","11870.7028","1790581.8872","1640956.4609"
"132","2025-09-15 07:39","172360761.801874000","58126.251876868","8915685.111605681","0.000000000","1720717.684475542","7194967.427130139","0.19392376669911351","11272.0617","1728963.2395","1593497.9599"
"133","2025-09-16 07:39","172360761.801874000","58033.589434946","8973718.701040627","0.000000000","1720717.684475542","7253001.016565085","0.18764972398943114","10889.9870","1683915.8374","1559246.4140"
"134","2025-09-17 07:39","172360761.801874000","57684.002716581","9031402.703757208","0.000000000","1720717.684475542","7310685.019281666","0.18868676124288356","10884.2076","1704106.1257","1577652.2539"
"135","2025-09-18 07:39","172361761.801874000","57974.453511381","9089377.157268589","0.000000000","1720717.684475542","7368659.472793047","0.19429332951281922","11264.0496","1766005.3511","1629904.1582"
"136","2025-09-19 07:39","193361761.801874000","57488.480655144","9146865.637923733","0.000000000","1720717.684475542","7426147.953448191","0.19555406094019517","11242.1058","1788706.7204","1650436.1646"
"137","2025-09-20 07:39","193361761.801874000","63131.718807388","9209997.356731121","0.000000000","1720717.684475542","7489279.672255579","0.18726448709407156","11822.3289","1724705.4311","1600698.8917"
"138","2025-09-21 07:39","193361761.801874000","63141.853225502","9273139.209956623","0.000000000","1720717.684475542","7552421.525481081","0.18743388877877315","11834.9231","1738100.5433","1613802.5114"
"139","2025-09-22 07:39","193361761.801874000","63092.005407160","9336231.215363783","0.000000000","1720717.684475542","7615513.530888241","0.18418903306455942","11620.8555","1719631.4000","1600916.8487"
"140","2025-09-23 07:39","193361761.801874000","63128.859836515","9399360.075200298","0.000000000","1720717.684475542","7678642.390724756","0.1713477949041276","10816.9909","1610559.6224","1513941.2167"
"141","2025-09-24 07:39","193361761.801874000","63203.424248699","9462563.499448997","0.000000000","1720717.684475542","7741845.814973455","0.169931622229169","10740.2604","1607988.7659","1513807.1936"
"142","2025-09-25 07:39","193361761.801874000","63223.017683609","9525786.517132606","0.000000000","1720717.684475542","7805068.832657064","0.17051956431397378","10780.7614","1624332.9666","1529139.7120"
"143","2025-09-26 07:39","193361761.801874000","63104.084634213","9588890.601766819","0.000000000","1720717.684475542","7868172.917291277","0.15947472182389616","10063.5063","1529185.6613","1452997.4624"
"144","2025-09-27 07:40","193361761.801874000","63106.308832003","9651996.910598822","0.000000000","1720717.684475542","7931279.226123280","0.1668152039055408","10527.0918","1610099.8327","1521280.7365"
"145","2025-09-28 07:40","193361761.801874000","63107.094883623","9715104.005482445","0.000000000","1720717.684475542","7994386.321006903","0.16523857221733224","10427.7263","1605309.9148","1519203.7566"
"146","2025-09-29 07:40","187362761.801874000","62424.446675473","9777528.452157918","8174.954286391","1728892.638761933","8048635.813395985","0.16701738950987707","10425.9681","1633017.2779","1543850.2774"
"147","2025-09-30 07:40","190361761.801874000","62423.970698762","9839952.422856680","0.000000000","1728892.638761933","8111059.784094747","0.16757201422093249","10460.5105","1648900.6473","1558774.7602"
"148","2025-10-01 07:40","190361761.801874000","62449.541383945","9902401.964240625","0.000000000","1728892.638761933","8173509.325478692","0.1649734054187207","10302.5135","1633632.9739","1547999.8023"
"149","2025-10-02 07:40","190361761.801874000","63106.590075190","9965508.554315815","0.000000000","1728892.638761933","8236615.915553882","0.17815696349551885","11242.8785","1775424.7437","1666998.6157"
"150","2025-10-03 07:40","190361761.801874000","62910.281730630","10028418.836046445","0.000000000","1728892.638761933","8299526.197284512","0.18318684000595015","11524.3357","1837074.3568","1719952.1123"

"--- Validators ---"
"Epoch","End Date","Validator","Pool ID","Rewards"
"125","2025-09-08 07:39","IOTA 1","0x4bc6ae30753d3e4f2650dca5313cb6bf6d688b64f9636a8f07b44f2043072bee","15915.022590706"
"126","2025-09-09 07:39","IOTA 1","0x4bc6ae30753d3e4f2650dca5313cb6bf6d688b64f9636a8f07b44f2043072bee","15925.402820158"
"127","2025-09-10 07:39","IOTA 1","0x4bc6ae30753d3e4f2650dca5313cb6bf6d688b64f9636a8f07b44f2043072bee","15980.746095662"
"128","2025-09-11 07:39","IOTA 1","0x4bc6ae30753d3e4f2650dca5313cb6bf6d688b64f9636a8f07b44f2043072bee","15880.380121672"
"129","2025-09-12 07:39","IOTA 1","0x4bc6ae30753d3e4f2650dca5313cb6bf6d688b64f9636a8f07b44f2043072bee","16125.830889554"
"130","2025-09-13 07:39","IOTA 1","0x4bc6ae30753d3e4f2650dca5313cb6bf6d688b64f9636a8f07b44f2043072bee","16163.260453399"
"131","2025-09-14 07:39","IOTA 1","0x4bc6ae30753d3e4f2650dca5313cb6bf6d688b64f9636a8f07b44f2043072bee","16130.219115734"
"132","2025-09-15 07:39","IOTA 1","0x4bc6ae30753d3e4f2650dca5313cb6bf6d688b64f9636a8f07b44f2043072bee","16274.107611362"
"133","2025-09-16 07:39","IOTA 1","0x4bc6ae30753d3e4f2650dca5313cb6bf6d688b64f9636a8f07b44f2043072bee","16159.397576191"
"134","2025-09-17 07:39","IOTA 1","0x4bc6ae30753d3e4f2650dca5313cb6bf6d688b64f9636a8f07b44f2043072bee","16109.025796781"
"135","2025-09-18 07:39","IOTA 1","0x4bc6ae30753d3e4f2650dca5313cb6bf6d688b64f9636a8f07b44f2043072bee","16086.819845708"
"136","2025-09-19 07:39","IOTA 1","0x4bc6ae30753d3e4f2650dca5313cb6bf6d688b64f9636a8f07b44f2043072bee","16070.516284754"
"137","2025-09-20 07:39","IOTA 1","0x4bc6ae30753d3e4f2650dca5313cb6bf6d688b64f9636a8f07b44f2043072bee","15903.025230235"
"138","2025-09-21 07:39","IOTA 1","0x4bc6ae30753d3e4f2650dca5313cb6bf6d688b64f9636a8f07b44f2043072bee","15878.243978087"
"139","2025-09-22 07:39","IOTA 1","0x4bc6ae30753d3e4f2650dca5313cb6bf6d688b64f9636a8f07b44f2043072bee","15893.129277416"
"140","2025-09-23 07:39","IOTA 1","0x4bc6ae30753d3e4f2650dca5313cb6bf6d688b64f9636a8f07b44f2043072bee","15888.898120582"
"141","2025-09-24 07:39","IOTA 1","0x4bc6ae30753d3e4f2650dca5313cb6bf6d688b64f9636a8f07b44f2043072bee","15879.032714426"
"142","2025-09-25 07:39","IOTA 1","0x4bc6ae30753d3e4f2650dca5313cb6bf6d688b64f9636a8f07b44f2043072bee","15884.832295019"
"143","2025-09-26 07:39","IOTA 1","0x4bc6ae30753d3e4f2650dca5313cb6bf6d688b64f9636a8f07b44f2043072bee","15867.135844414"
"144","2025-09-27 07:40","IOTA 1","0x4bc6ae30753d3e4f2650dca5313cb6bf6d688b64f9636a8f07b44f2043072bee","15862.890393537"
"145","2025-09-28 07:40","IOTA 1","0x4bc6ae30753d3e4f2650dca5313cb6bf6d688b64f9636a8f07b44f2043072bee","15862.421832074"
"146","2025-09-29 07:40","IOTA 1","0x4bc6ae30753d3e4f2650dca5313cb6bf6d688b64f9636a8f07b44f2043072bee","15858.705571017"
"147","2025-09-30 07:40","IOTA 1","0x4bc6ae30753d3e4f2650dca5313cb6bf6d688b64f9636a8f07b44f2043072bee","15902.865164170"
"148","2025-10-01 07:40","IOTA 1","0x4bc6ae30753d3e4f2650dca5313cb6bf6d688b64f9636a8f07b44f2043072bee","15878.275079591"
"149","2025-10-02 07:40","IOTA 1","0x4bc6ae30753d3e4f2650dca5313cb6bf6d688b64f9636a8f07b44f2043072bee","16166.795632562"
"150","2025-10-03 07:40","IOTA 1","0x4bc6ae30753d3e4f2650dca5313cb6bf6d688b64f9636a8f07b44f2043072bee","15908.664108211"
"125","2025-09-08 07:39","MAVAN","0xac52ad5da1f6f4a314e9a879f73b9eee255951c0c710095fdc7eb86a58e4b7ee","2718.995074555"
"126","2025-09-09 07:39","MAVAN","0xac52ad5da1f6f4a314e9a879f73b9eee255951c0c710095fdc7eb86a58e4b7ee","2723.609516609"
"127","2025-09-10 07:39","MAVAN","0xac52ad5da1f6f4a314e9a879f73b9eee255951c0c710095fdc7eb86a58e4b7ee","2723.570541957"
"128","2025-09-11 07:39","MAVAN","0xac52ad5da1f6f4a314e9a879f73b9eee255951c0c710095fdc7eb86a58e4b7ee","2723.454192713"
"129","2025-09-12 07:39","MAVAN","0xac52ad5da1f6f4a314e9a879f73b9eee255951c0c710095fdc7eb86a58e4b7ee","2764.624742431"
"130","2025-09-13 07:39","MAVAN","0xac52ad5da1f6f4a314e9a879f73b9eee255951c0c710095fdc7eb86a58e4b7ee","2764.528655170"
"131","2025-09-14 07:39","MAVAN","0xac52ad5da1f6f4a314e9a879f73b9eee255951c0c710095fdc7eb86a58e4b7ee","2763.600910438"
"132","2025-09-15 07:39","MAVAN","0xac52ad5da1f6f4a314e9a879f73b9eee255951c0c710095fdc7eb86a58e4b7ee","2763.504954456"
"133","2025-09-16 07:39","MAVAN","0xac52ad5da1f6f4a314e9a879f73b9eee255951c0c710095fdc7eb86a58e4b7ee","2763.409036835"
"134","2025-09-17 07:39","MAVAN","0xac52ad5da1f6f4a314e9a879f73b9eee255951c0c710095fdc7eb86a58e4b7ee","2763.313155538"
"135","2025-09-18 07:39","MAVAN","0xac52ad5da1f6f4a314e9a879f73b9eee255951c0c710095fdc7eb86a58e4b7ee","2763.240674464"
"136","2025-09-19 07:39","MAVAN","0xac52ad5da1f6f4a314e9a879f73b9eee255951c0c710095fdc7eb86a58e4b7ee","2742.524383227"
"137","2025-09-20 07:39","MAVAN","0xac52ad5da1f6f4a314e9a879f73b9eee255951c0c710095fdc7eb86a58e4b7ee","2701.190484924"
"138","2025-09-21 07:39","MAVAN","0xac52ad5da1f6f4a314e9a879f73b9eee255951c0c710095fdc7eb86a58e4b7ee","2721.718059721"
"139","2025-09-22 07:39","MAVAN","0xac52ad5da1f6f4a314e9a879f73b9eee255951c0c710095fdc7eb86a58e4b7ee","2721.646000792"
"140","2025-09-23 07:39","MAVAN","0xac52ad5da1f6f4a314e9a879f73b9eee255951c0c710095fdc7eb86a58e4b7ee","2721.553171289"
"141","2025-09-24 07:39","MAVAN","0xac52ad5da1f6f4a314e9a879f73b9eee255951c0c710095fdc7eb86a58e4b7ee","2721.460369579"
"142","2025-09-25 07:39","MAVAN","0xac52ad5da1f6f4a314e9a879f73b9eee255951c0c710095fdc7eb86a58e4b7ee","2721.367606282"
"143","2025-09-26 07:39","MAVAN","0xac52ad5da1f6f4a314e9a879f73b9eee255951c0c710095fdc7eb86a58e4b7ee","2721.274878005"
"144","2025-09-27 07:40","MAVAN","0xac52ad5da1f6f4a314e9a879f73b9eee255951c0c710095fdc7eb86a58e4b7ee","2721.182183865"
"145","2025-09-28 07:40","MAVAN","0xac52ad5da1f6f4a314e9a879f73b9eee255951c0c710095fdc7eb86a58e4b7ee","2721.089524875"
"146","2025-09-29 07:40","MAVAN","0xac52ad5da1f6f4a314e9a879f73b9eee255951c0c710095fdc7eb86a58e4b7ee","2720.996900399"
"147","2025-09-30 07:40","MAVAN","0xac52ad5da1f6f4a314e9a879f73b9eee255951c0c710095fdc7eb86a58e4b7ee","2720.904356108"
"148","2025-10-01 07:40","MAVAN","0xac52ad5da1f6f4a314e9a879f73b9eee255951c0c710095fdc7eb86a58e4b7ee","2700.199768080"
"149","2025-10-02 07:40","MAVAN","0xac52ad5da1f6f4a314e9a879f73b9eee255951c0c710095fdc7eb86a58e4b7ee","2728.383210765"
"150","2025-10-03 07:40","MAVAN","0xac52ad5da1f6f4a314e9a879f73b9eee255951c0c710095fdc7eb86a58e4b7ee","2728.290037722"
"125","2025-09-08 07:39","Matrixed.Link","0x29e717d670eda89e7f4772df48113c8063895da31dbe6c4515775a18cde3b918","1820.994556136"
"126","2025-09-09 07:39","Matrixed.Link","0x29e717d670eda89e7f4772df48113c8063895da31dbe6c4515775a18cde3b918","1820.953012566"
"127","2025-09-10 07:39","Matrixed.Link","0x29e717d670eda89e7f4772df48113c8063895da31dbe6c4515775a18cde3b918","1821.073453782"
"128","2025-09-11 07:39","Matrixed.Link","0x29e717d670eda89e7f4772df48113c8063895da31dbe6c4515775a18cde3b918","1821.386376902"
"129","2025-09-12 07:39","Matrixed.Link","0x29e717d670eda89e7f4772df48113c8063895da31dbe6c4515775a18cde3b918","1836.375991066"
"130","2025-09-13 07:39","Matrixed.Link","0x29e717d670eda89e7f4772df48113c8063895da31dbe6c4515775a18cde3b918","1837.589710699"
"131","2025-09-14 07:39","Matrixed.Link","0x29e717d670eda89e7f4772df48113c8063895da31dbe6c4515775a18cde3b918","1837.707413615"
"132","2025-09-15 07:39","Matrixed.Link","0x29e717d670eda89e7f4772df48113c8063895da31dbe6c4515775a18cde3b918","1837.700382125"
"133","2025-09-16 07:39","Matrixed.Link","0x29e717d670eda89e7f4772df48113c8063895da31dbe6c4515775a18cde3b918","1847.064395920"
"134","2025-09-17 07:39","Matrixed.Link","0x29e717d670eda89e7f4772df48113c8063895da31dbe6c4515775a18cde3b918","1831.826637901"
"135","2025-09-18 07:39","Matrixed.Link","0x29e717d670eda89e7f4772df48113c8063895da31dbe6c4515775a18cde3b918","1831.763388987"
"136","2025-09-19 07:39","Matrixed.Link","0x29e717d670eda89e7f4772df48113c8063895da31dbe6c4515775a18cde3b918","1831.700165971"
"137","2025-09-20 07:39","Matrixed.Link","0x29e717d670eda89e7f4772df48113c8063895da31dbe6c4515775a18cde3b918","1801.361974353"
"138","2025-09-21 07:39","Matrixed.Link","0x29e717d670eda89e7f4772df48113c8063895da31dbe6c4515775a18cde3b918","1816.437848904"
"139","2025-09-22 07:39","Matrixed.Link","0x29e717d670eda89e7f4772df48113c8063895da31dbe6c4515775a18cde3b918","1816.375735075"
"140","2025-09-23 07:39","Matrixed.Link","0x29e717d670eda89e7f4772df48113c8063895da31dbe6c4515775a18cde3b918","1817.067031221"
"141","2025-09-24 07:39","Matrixed.Link","0x29e717d670eda89e7f4772df48113c8063895da31dbe6c4515775a18cde3b918","1817.004910202"
"142","2025-09-25 07:39","Matrixed.Link","0x29e717d670eda89e7f4772df48113c8063895da31dbe6c4515775a18cde3b918","1816.942814952"
"143","2025-09-26 07:39","Matrixed.Link","0x29e717d670eda89e7f4772df48113c8063895da31dbe6c4515775a18cde3b918","1816.880743203"
"144","2025-09-27 07:40","Matrixed.Link","0x29e717d670eda89e7f4772df48113c8063895da31dbe6c4515775a18cde3b918","1817.454725047"
"145","2025-09-28 07:40","Matrixed.Link","0x29e717d670eda89e7f4772df48113c8063895da31dbe6c4515775a18cde3b918","1817.392656372"
"146","2025-09-29 07:40","Matrixed.Link","0x29e717d670eda89e7f4772df48113c8063895da31dbe6c4515775a18cde3b918","1817.330610886"
"147","2025-09-30 07:40","Matrixed.Link","0x29e717d670eda89e7f4772df48113c8063895da31dbe6c4515775a18cde3b918","1817.700836665"
"148","2025-10-01 07:40","Matrixed.Link","0x29e717d670eda89e7f4772df48113c8063895da31dbe6c4515775a18cde3b918","1802.844483347"
"149","2025-10-02 07:40","Matrixed.Link","0x29e717d670eda89e7f4772df48113c8063895da31dbe6c4515775a18cde3b918","1808.237249182"
"150","2025-10-03 07:40","Matrixed.Link","0x29e717d670eda89e7f4772df48113c8063895da31dbe6c4515775a18cde3b918","1822.935131736"
"125","2025-09-08 07:39","Lavender.Five Nodes","0xb1f597fd821e018038b32bfe48a00eaf7c20d7ba1aada965cdd35b31230fa690","4002.279547646"
"126","2025-09-09 07:39","Lavender.Five Nodes","0xb1f597fd821e018038b32bfe48a00eaf7c20d7ba1aada965cdd35b31230fa690","4018.477923086"
"127","2025-09-10 07:39","Lavender.Five Nodes","0xb1f597fd821e018038b32bfe48a00eaf7c20d7ba1aada965cdd35b31230fa690","3979.355386492"
"128","2025-09-11 07:39","Lavender.Five Nodes","0xb1f597fd821e018038b32bfe48a00eaf7c20d7ba1aada965cdd35b31230fa690","3978.995745067"
"129","2025-09-12 07:39","Lavender.Five Nodes","0xb1f597fd821e018038b32bfe48a00eaf7c20d7ba1aada965cdd35b31230fa690","4018.009978885"
"130","2025-09-13 07:39","Lavender.Five Nodes","0xb1f597fd821e018038b32bfe48a00eaf7c20d7ba1aada965cdd35b31230fa690","4017.982079774"
"131","2025-09-14 07:39","Lavender.Five Nodes","0xb1f597fd821e018038b32bfe48a00eaf7c20d7ba1aada965cdd35b31230fa690","4015.605411541"
"132","2025-09-15 07:39","Lavender.Five Nodes","0xb1f597fd821e018038b32bfe48a00eaf7c20d7ba1aada965cdd35b31230fa690","4015.979143510"
"133","2025-09-16 07:39","Lavender.Five Nodes","0xb1f597fd821e018038b32bfe48a00eaf7c20d7ba1aada965cdd35b31230fa690","4018.336104044"
"134","2025-09-17 07:39","Lavender.Five Nodes","0xb1f597fd821e018038b32bfe48a00eaf7c20d7ba1aada965cdd35b31230fa690","4047.439645015"
"135","2025-09-18 07:39","Lavender.Five Nodes","0xb1f597fd821e018038b32bfe48a00eaf7c20d7ba1aada965cdd35b31230fa690","4010.279171264"
"136","2025-09-19 07:39","Lavender.Five Nodes","0xb1f597fd821e018038b32bfe48a00eaf7c20d7ba1aada965cdd35b31230fa690","4010.251442114"
"137","2025-09-20 07:39","Lavender.Five Nodes","0xb1f597fd821e018038b32bfe48a00eaf7c20d7ba1aada965cdd35b31230fa690","3935.928356723"
"138","2025-09-21 07:39","Lavender.Five Nodes","0xb1f597fd821e018038b32bfe48a00eaf7c20d7ba1aada965cdd35b31230fa690","3970.101608532"
"139","2025-09-22 07:39","Lavender.Five Nodes","0xb1f597fd821e018038b32bfe48a00eaf7c20d7ba1aada965cdd35b31230fa690","3970.099370673"
"140","2025-09-23 07:39","Lavender.Five Nodes","0xb1f597fd821e018038b32bfe48a00eaf7c20d7ba1aada965cdd35b31230fa690","3932.968753346"
"141","2025-09-24 07:39","Lavender.Five Nodes","0xb1f597fd821e018038b32bfe48a00eaf7c20d7ba1aada965cdd35b31230fa690","3970.032782698"
"142","2025-09-25 07:39","Lavender.Five Nodes","0xb1f597fd821e018038b32bfe48a00eaf7c20d7ba1aada965cdd35b31230fa690","3932.541038807"
"143","2025-09-26 07:39","Lavender.Five Nodes","0xb1f597fd821e018038b32bfe48a00eaf7c20d7ba1aada965cdd35b31230fa690","3932.514433392"
"144","2025-09-27 07:40","Lavender.Five Nodes","0xb1f597fd821e018038b32bfe48a00eaf7c20d7ba1aada965cdd35b31230fa690","3969.190556880"
"145","2025-09-28 07:40","Lavender.Five Nodes","0xb1f597fd821e018038b32bfe48a00eaf7c20d7ba1aada965cdd35b31230fa690","3938.449663729"
"146","2025-09-29 07:40","Lavender.Five Nodes","0xb1f597fd821e018038b32bfe48a00eaf7c20d7ba1aada965cdd35b31230fa690","3936.550924847"
"147","2025-09-30 07:40","Lavender.Five Nodes","0xb1f597fd821e018038b32bfe48a00eaf7c20d7ba1aada965cdd35b31230fa690","3973.313967070"
"148","2025-10-01 07:40","Lavender.Five Nodes","0xb1f597fd821e018038b32bfe48a00eaf7c20d7ba1aada965cdd35b31230fa690","3974.894754250"
"149","2025-10-02 07:40","Lavender.Five Nodes","0xb1f597fd821e018038b32bfe48a00eaf7c20d7ba1aada965cdd35b31230fa690","3981.027611631"
"150","2025-10-03 07:40","Lavender.Five Nodes","0xb1f597fd821e018038b32bfe48a00eaf7c20d7ba1aada965cdd35b31230fa690","3982.770699448"
"125","2025-09-08 07:39","LinkPool","0x15a42067fb6b495f769e763d92f249abcd20c0b2250103ca9911fac7ac979938","2618.425707742"
"126","2025-09-09 07:39","LinkPool","0x15a42067fb6b495f769e763d92f249abcd20c0b2250103ca9911fac7ac979938","2620.818342244"
"127","2025-09-10 07:39","LinkPool","0x15a42067fb6b495f769e763d92f249abcd20c0b2250103ca9911fac7ac979938","2620.663761141"
"128","2025-09-11 07:39","LinkPool","0x15a42067fb6b495f769e763d92f249abcd20c0b2250103ca9911fac7ac979938","2637.530474044"
"129","2025-09-12 07:39","LinkPool","0x15a42067fb6b495f769e763d92f249abcd20c0b2250103ca9911fac7ac979938","2658.186411316"
"130","2025-09-13 07:39","LinkPool","0x15a42067fb6b495f769e763d92f249abcd20c0b2250103ca9911fac7ac979938","2658.399308281"
"131","2025-09-14 07:39","LinkPool","0x15a42067fb6b495f769e763d92f249abcd20c0b2250103ca9911fac7ac979938","2658.473873390"
"132","2025-09-15 07:39","LinkPool","0x15a42067fb6b495f769e763d92f249abcd20c0b2250103ca9911fac7ac979938","2661.662368340"
"133","2025-09-16 07:39","LinkPool","0x15a42067fb6b495f769e763d92f249abcd20c0b2250103ca9911fac7ac979938","2641.994306721"
"134","2025-09-17 07:39","LinkPool","0x15a42067fb6b495f769e763d92f249abcd20c0b2250103ca9911fac7ac979938","2656.027107203"
"135","2025-09-18 07:39","LinkPool","0x15a42067fb6b495f769e763d92f249abcd20c0b2250103ca9911fac7ac979938","2656.363797869"
"136","2025-09-19 07:39","LinkPool","0x15a42067fb6b495f769e763d92f249abcd20c0b2250103ca9911fac7ac979938","2635.691256164"
"137","2025-09-20 07:39","LinkPool","0x15a42067fb6b495f769e763d92f249abcd20c0b2250103ca9911fac7ac979938","2594.271849479"
"138","2025-09-21 07:39","LinkPool","0x15a42067fb6b495f769e763d92f249abcd20c0b2250103ca9911fac7ac979938","2614.214759042"
"139","2025-09-22 07:39","LinkPool","0x15a42067fb6b495f769e763d92f249abcd20c0b2250103ca9911fac7ac979938","2615.810814204"
"140","2025-09-23 07:39","LinkPool","0x15a42067fb6b495f769e763d92f249abcd20c0b2250103ca9911fac7ac979938","2617.338600632"
"141","2025-09-24 07:39","LinkPool","0x15a42067fb6b495f769e763d92f249abcd20c0b2250103ca9911fac7ac979938","2615.385128649"
"142","2025-09-25 07:39","LinkPool","0x15a42067fb6b495f769e763d92f249abcd20c0b2250103ca9911fac7ac979938","2615.265273346"
"143","2025-09-26 07:39","LinkPool","0x15a42067fb6b495f769e763d92f249abcd20c0b2250103ca9911fac7ac979938","2617.746245638"
"144","2025-09-27 07:40","LinkPool","0x15a42067fb6b495f769e763d92f249abcd20c0b2250103ca9911fac7ac979938","2617.253983705"
"145","2025-09-28 07:40","LinkPool","0x15a42067fb6b495f769e763d92f249abcd20c0b2250103ca9911fac7ac979938","2626.873874008"
"146","2025-09-29 07:40","LinkPool","0x15a42067fb6b495f769e763d92f249abcd20c0b2250103ca9911fac7ac979938","2607.079785278"
"147","2025-09-30 07:40","LinkPool","0x15a42067fb6b495f769e763d92f249abcd20c0b2250103ca9911fac7ac979938","2607.515416278"
"148","2025-10-01 07:40","LinkPool","0x15a42067fb6b495f769e763d92f249abcd20c0b2250103ca9911fac7ac979938","2601.666311291"
"149","2025-10-02 07:40","LinkPool","0x15a42067fb6b495f769e763d92f249abcd20c0b2250103ca9911fac7ac979938","2607.228854990"
"150","2025-10-03 07:40","LinkPool","0x15a42067fb6b495f769e763d92f249abcd20c0b2250103ca9911fac7ac979938","2629.302625790"
"125","2025-09-08 07:39","CroutonDigital","0x7421a0e150317c97939aae42ae758b3f77d7808a98b0021601ce9533b96d04fa","3059.704710635"
"126","2025-09-09 07:39","CroutonDigital","0x7421a0e150317c97939aae42ae758b3f77d7808a98b0021601ce9533b96d04fa","3087.387494137"
"127","2025-09-10 07:39","CroutonDigital","0x7421a0e150317c97939aae42ae758b3f77d7808a98b0021601ce9533b96d04fa","3087.276658546"
"128","2025-09-11 07:39","CroutonDigital","0x7421a0e150317c97939aae42ae758b3f77d7808a98b0021601ce9533b96d04fa","3087.165869288"
"129","2025-09-12 07:39","CroutonDigital","0x7421a0e150317c97939aae42ae758b3f77d7808a98b0021601ce9533b96d04fa","3087.055119720"
"130","2025-09-13 07:39","CroutonDigital","0x7421a0e150317c97939aae42ae758b3f77d7808a98b0021601ce9533b96d04fa","3086.944413759"
"131","2025-09-14 07:39","CroutonDigital","0x7421a0e150317c97939aae42ae758b3f77d7808a98b0021601ce9533b96d04fa","3086.833755158"
"132","2025-09-15 07:39","CroutonDigital","0x7421a0e150317c97939aae42ae758b3f77d7808a98b0021601ce9533b96d04fa","3086.723136591"
"133","2025-09-16 07:39","CroutonDigital","0x7421a0e150317c97939aae42ae758b3f77d7808a98b0021601ce9533b96d04fa","3086.612563550"
"134","2025-09-17 07:39","CroutonDigital","0x7421a0e150317c97939aae42ae758b3f77d7808a98b0021601ce9533b96d04fa","3017.919452551"
"135","2025-09-18 07:39","CroutonDigital","0x7421a0e150317c97939aae42ae758b3f77d7808a98b0021601ce9533b96d04fa","3017.813820682"
"136","2025-09-19 07:39","CroutonDigital","0x7421a0e150317c97939aae42ae758b3f77d7808a98b0021601ce9533b96d04fa","3017.708232572"
"137","2025-09-20 07:39","CroutonDigital","0x7421a0e150317c97939aae42ae758b3f77d7808a98b0021601ce9533b96d04fa","3017.602682732"
"138","2025-09-21 07:39","CroutonDigital","0x7421a0e150317c97939aae42ae758b3f77d7808a98b0021601ce9533b96d04fa","3017.497170257"
"139","2025-09-22 07:39","CroutonDigital","0x7421a0e150317c97939aae42ae758b3f77d7808a98b0021601ce9533b96d04fa","3017.391701105"
"140","2025-09-23 07:39","CroutonDigital","0x7421a0e150317c97939aae42ae758b3f77d7808a98b0021601ce9533b96d04fa","3017.415147802"
"141","2025-09-24 07:39","CroutonDigital","0x7421a0e150317c97939aae42ae758b3f77d7808a98b0021601ce9533b96d04fa","3017.181711112"
"142","2025-09-25 07:39","CroutonDigital","0x7421a0e150317c97939aae42ae758b3f77d7808a98b0021601ce9533b96d04fa","3017.076363462"
"143","2025-09-26 07:39","CroutonDigital","0x7421a0e150317c97939aae42ae758b3f77d7808a98b0021601ce9533b96d04fa","3016.971056535"
"144","2025-09-27 07:40","CroutonDigital","0x7421a0e150317c97939aae42ae758b3f77d7808a98b0021601ce9533b96d04fa","3016.865789358"
"145","2025-09-28 07:40","CroutonDigital","0x7421a0e150317c97939aae42ae758b3f77d7808a98b0021601ce9533b96d04fa","3016.760563040"
"146","2025-09-29 07:40","CroutonDigital","0x7421a0e150317c97939aae42ae758b3f77d7808a98b0021601ce9533b96d04fa","3016.655376882"
"147","2025-09-30 07:40","CroutonDigital","0x7421a0e150317c97939aae42ae758b3f77d7808a98b0021601ce9533b96d04fa","3016.550281516"
"148","2025-10-01 07:40","CroutonDigital","0x7421a0e150317c97939aae42ae758b3f77d7808a98b0021601ce9533b96d04fa","3016.445374549"
"149","2025-10-02 07:40","CroutonDigital","0x7421a0e150317c97939aae42ae758b3f77d7808a98b0021601ce9533b96d04fa","3084.893476684"
"150","2025-10-03 07:40","CroutonDigital","0x7421a0e150317c97939aae42ae758b3f77d7808a98b0021601ce9533b96d04fa","3084.783437632"
"125","2025-09-08 07:39","Allnodes","0x984282b077e9efb2348cd5b9f560d41696b33cb9c66224d6cb7fbbf9908de9cc","1983.215023061"
"126","2025-09-09 07:39","Allnodes","0x984282b077e9efb2348cd5b9f560d41696b33cb9c66224d6cb7fbbf9908de9cc","1987.942401283"
"127","2025-09-10 07:39","Allnodes","0x984282b077e9efb2348cd5b9f560d41696b33cb9c66224d6cb7fbbf9908de9cc","1982.254985359"
"128","2025-09-11 07:39","Allnodes","0x984282b077e9efb2348cd5b9f560d41696b33cb9c66224d6cb7fbbf9908de9cc","1982.324354980"
"129","2025-09-12 07:39","Allnodes","0x984282b077e9efb2348cd5b9f560d41696b33cb9c66224d6cb7fbbf9908de9cc","1995.911743787"
"130","2025-09-13 07:39","Allnodes","0x984282b077e9efb2348cd5b9f560d41696b33cb9c66224d6cb7fbbf9908de9cc","2019.476463558"
"131","2025-09-14 07:39","Allnodes","0x984282b077e9efb2348cd5b9f560d41696b33cb9c66224d6cb7fbbf9908de9cc","2007.244187561"
"132","2025-09-15 07:39","Allnodes","0x984282b077e9efb2348cd5b9f560d41696b33cb9c66224d6cb7fbbf9908de9cc","2007.396400282"
"133","2025-09-16 07:39","Allnodes","0x984282b077e9efb2348cd5b9f560d41696b33cb9c66224d6cb7fbbf9908de9cc","2012.535349713"
"134","2025-09-17 07:39","Allnodes","0x984282b077e9efb2348cd5b9f560d41696b33cb9c66224d6cb7fbbf9908de9cc","2010.918331614"
"135","2025-09-18 07:39","Allnodes","0x984282b077e9efb2348cd5b9f560d41696b33cb9c66224d6cb7fbbf9908de9cc","1996.985005297"
"136","2025-09-19 07:39","Allnodes","0x984282b077e9efb2348cd5b9f560d41696b33cb9c66224d6cb7fbbf9908de9cc","1996.148979540"
"137","2025-09-20 07:39","Allnodes","0x984282b077e9efb2348cd5b9f560d41696b33cb9c66224d6cb7fbbf9908de9cc","1968.790928419"
"138","2025-09-21 07:39","Allnodes","0x984282b077e9efb2348cd5b9f560d41696b33cb9c66224d6cb7fbbf9908de9cc","1981.854899298"
"139","2025-09-22 07:39","Allnodes","0x984282b077e9efb2348cd5b9f560d41696b33cb9c66224d6cb7fbbf9908de9cc","1968.115158347"
"140","2025-09-23 07:39","Allnodes","0x984282b077e9efb2348cd5b9f560d41696b33cb9c66224d6cb7fbbf9908de9cc","1968.436649791"
"141","2025-09-24 07:39","Allnodes","0x984282b077e9efb2348cd5b9f560d41696b33cb9c66224d6cb7fbbf9908de9cc","1982.015963008"
"142","2025-09-25 07:39","Allnodes","0x984282b077e9efb2348cd5b9f560d41696b33cb9c66224d6cb7fbbf9908de9cc","1995.796831696"
"143","2025-09-26 07:39","Allnodes","0x984282b077e9efb2348cd5b9f560d41696b33cb9c66224d6cb7fbbf9908de9cc","1981.768306815"
"144","2025-09-27 07:40","Allnodes","0x984282b077e9efb2348cd5b9f560d41696b33cb9c66224d6cb7fbbf9908de9cc","1969.121051494"
"145","2025-09-28 07:40","Allnodes","0x984282b077e9efb2348cd5b9f560d41696b33cb9c66224d6cb7fbbf9908de9cc","1971.488793870"
"146","2025-09-29 07:40","Allnodes","0x984282b077e9efb2348cd5b9f560d41696b33cb9c66224d6cb7fbbf9908de9cc","1971.428965438"
"147","2025-09-30 07:40","Allnodes","0x984282b077e9efb2348cd5b9f560d41696b33cb9c66224d6cb7fbbf9908de9cc","2012.062336664"
"148","2025-10-01 07:40","Allnodes","0x984282b077e9efb2348cd5b9f560d41696b33cb9c66224d6cb7fbbf9908de9cc","1976.173231916"
"149","2025-10-02 07:40","Allnodes","0x984282b077e9efb2348cd5b9f560d41696b33cb9c66224d6cb7fbbf9908de9cc","1994.615775573"
"150","2025-10-03 07:40","Allnodes","0x984282b077e9efb2348cd5b9f560d41696b33cb9c66224d6cb7fbbf9908de9cc","1993.901162174"
"125","2025-09-08 07:39","Encapsulate","0x442b87454d80793e1baa48dcbceded872f8fb960079242b922e9046375e19eda","2847.583068975"
"126","2025-09-09 07:39","Encapsulate","0x442b87454d80793e1baa48dcbceded872f8fb960079242b922e9046375e19eda","2847.503173614"
"127","2025-09-10 07:39","Encapsulate","0x442b87454d80793e1baa48dcbceded872f8fb960079242b922e9046375e19eda","2847.423307610"
"128","2025-09-11 07:39","Encapsulate","0x442b87454d80793e1baa48dcbceded872f8fb960079242b922e9046375e19eda","2847.106926152"
"129","2025-09-12 07:39","Encapsulate","0x442b87454d80793e1baa48dcbceded872f8fb960079242b922e9046375e19eda","2898.791262190"
"130","2025-09-13 07:39","Encapsulate","0x442b87454d80793e1baa48dcbceded872f8fb960079242b922e9046375e19eda","2898.708572348"
"131","2025-09-14 07:39","Encapsulate","0x442b87454d80793e1baa48dcbceded872f8fb960079242b922e9046375e19eda","2898.625917815"
"132","2025-09-15 07:39","Encapsulate","0x442b87454d80793e1baa48dcbceded872f8fb960079242b922e9046375e19eda","2898.543291725"
"133","2025-09-16 07:39","Encapsulate","0x442b87454d80793e1baa48dcbceded872f8fb960079242b922e9046375e19eda","2898.460699232"
"134","2025-09-17 07:39","Encapsulate","0x442b87454d80793e1baa48dcbceded872f8fb960079242b922e9046375e19eda","2898.378138198"
"135","2025-09-18 07:39","Encapsulate","0x442b87454d80793e1baa48dcbceded872f8fb960079242b922e9046375e19eda","2898.295608672"
"136","2025-09-19 07:39","Encapsulate","0x442b87454d80793e1baa48dcbceded872f8fb960079242b922e9046375e19eda","2898.213113848"
"137","2025-09-20 07:39","Encapsulate","0x442b87454d80793e1baa48dcbceded872f8fb960079242b922e9046375e19eda","2794.625982427"
"138","2025-09-21 07:39","Encapsulate","0x442b87454d80793e1baa48dcbceded872f8fb960079242b922e9046375e19eda","2794.549327722"
"139","2025-09-22 07:39","Encapsulate","0x442b87454d80793e1baa48dcbceded872f8fb960079242b922e9046375e19eda","2794.704806807"
"140","2025-09-23 07:39","Encapsulate","0x442b87454d80793e1baa48dcbceded872f8fb960079242b922e9046375e19eda","2794.628202193"
"141","2025-09-24 07:39","Encapsulate","0x442b87454d80793e1baa48dcbceded872f8fb960079242b922e9046375e19eda","2794.551387588"
"142","2025-09-25 07:39","Encapsulate","0x442b87454d80793e1baa48dcbceded872f8fb960079242b922e9046375e19eda","2794.474836147"
"143","2025-09-26 07:39","Encapsulate","0x442b87454d80793e1baa48dcbceded872f8fb960079242b922e9046375e19eda","2794.398313260"
"144","2025-09-27 07:40","Encapsulate","0x442b87454d80793e1baa48dcbceded872f8fb960079242b922e9046375e19eda","2794.321818031"
"145","2025-09-28 07:40","Encapsulate","0x442b87454d80793e1baa48dcbceded872f8fb960079242b922e9046375e19eda","2794.245351503"
"146","2025-09-29 07:40","Encapsulate","0x442b87454d80793e1baa48dcbceded872f8fb960079242b922e9046375e19eda","2796.500594462"
"147","2025-09-30 07:40","Encapsulate","0x442b87454d80793e1baa48dcbceded872f8fb960079242b922e9046375e19eda","2796.424103428"
"148","2025-10-01 07:40","Encapsulate","0x442b87454d80793e1baa48dcbceded872f8fb960079242b922e9046375e19eda","2848.131996074"
"149","2025-10-02 07:40","Encapsulate","0x442b87454d80793e1baa48dcbceded872f8fb960079242b922e9046375e19eda","2848.052636610"
"150","2025-10-03 07:40","Encapsulate","0x442b87454d80793e1baa48dcbceded872f8fb960079242b922e9046375e19eda","2847.973154331"
"125","2025-09-08 07:39","HashKeyCloud","0x91337f8fb3b0f965a0f0c34335d7f21a8b0993f70f8e24f376e8899dc704a10d","924.922020393"
"126","2025-09-09 07:39","HashKeyCloud","0x91337f8fb3b0f965a0f0c34335d7f21a8b0993f70f8e24f376e8899dc704a10d","924.889674693"
"127","2025-09-10 07:39","HashKeyCloud","0x91337f8fb3b0f965a0f0c34335d7f21a8b0993f70f8e24f376e8899dc704a10d","924.857341140"
"128","2025-09-11 07:39","HashKeyCloud","0x91337f8fb3b0f965a0f0c34335d7f21a8b0993f70f8e24f376e8899dc704a10d","924.825020790"
"129","2025-09-12 07:39","HashKeyCloud","0x91337f8fb3b0f965a0f0c34335d7f21a8b0993f70f8e24f376e8899dc704a10d","939.242597774"
"130","2025-09-13 07:39","HashKeyCloud","0x91337f8fb3b0f965a0f0c34335d7f21a8b0993f70f8e24f376e8899dc704a10d","938.541581685"
"131","2025-09-14 07:39","HashKeyCloud","0x91337f8fb3b0f965a0f0c34335d7f21a8b0993f70f8e24f376e8899dc704a10d","938.508329410"
"132","2025-09-15 07:39","HashKeyCloud","0x91337f8fb3b0f965a0f0c34335d7f21a8b0993f70f8e24f376e8899dc704a10d","938.475089000"
"133","2025-09-16 07:39","HashKeyCloud","0x91337f8fb3b0f965a0f0c34335d7f21a8b0993f70f8e24f376e8899dc704a10d","938.441862124"
"134","2025-09-17 07:39","HashKeyCloud","0x91337f8fb3b0f965a0f0c34335d7f21a8b0993f70f8e24f376e8899dc704a10d","938.408648085"
"135","2025-09-18 07:39","HashKeyCloud","0x91337f8fb3b0f965a0f0c34335d7f21a8b0993f70f8e24f376e8899dc704a10d","938.375446899"
"136","2025-09-19 07:39","HashKeyCloud","0x91337f8fb3b0f965a0f0c34335d7f21a8b0993f70f8e24f376e8899dc704a10d","938.342259597"
"137","2025-09-20 07:39","HashKeyCloud","0x91337f8fb3b0f965a0f0c34335d7f21a8b0993f70f8e24f376e8899dc704a10d","909.438035715"
"138","2025-09-21 07:39","HashKeyCloud","0x91337f8fb3b0f965a0f0c34335d7f21a8b0993f70f8e24f376e8899dc704a10d","909.406881532"
"139","2025-09-22 07:39","HashKeyCloud","0x91337f8fb3b0f965a0f0c34335d7f21a8b0993f70f8e24f376e8899dc704a10d","909.375739915"
"140","2025-09-23 07:39","HashKeyCloud","0x91337f8fb3b0f965a0f0c34335d7f21a8b0993f70f8e24f376e8899dc704a10d","909.344611174"
"141","2025-09-24 07:39","HashKeyCloud","0x91337f8fb3b0f965a0f0c34335d7f21a8b0993f70f8e24f376e8899dc704a10d","909.055978226"
"142","2025-09-25 07:39","HashKeyCloud","0x91337f8fb3b0f965a0f0c34335d7f21a8b0993f70f8e24f376e8899dc704a10d","909.024889388"
"143","2025-09-26 07:39","HashKeyCloud","0x91337f8fb3b0f965a0f0c34335d7f21a8b0993f70f8e24f376e8899dc704a10d","908.993812323"
"144","2025-09-27 07:40","HashKeyCloud","0x91337f8fb3b0f965a0f0c34335d7f21a8b0993f70f8e24f376e8899dc704a10d","908.962746741"
"145","2025-09-28 07:40","HashKeyCloud","0x91337f8fb3b0f965a0f0c34335d7f21a8b0993f70f8e24f376e8899dc704a10d","908.931692974"
"146","2025-09-29 07:40","HashKeyCloud","0x91337f8fb3b0f965a0f0c34335d7f21a8b0993f70f8e24f376e8899dc704a10d","908.900650816"
"147","2025-09-30 07:40","HashKeyCloud","0x91337f8fb3b0f965a0f0c34335d7f21a8b0993f70f8e24f376e8899dc704a10d","908.520829772"
"148","2025-10-01 07:40","HashKeyCloud","0x91337f8fb3b0f965a0f0c34335d7f21a8b0993f70f8e24f376e8899dc704a10d","922.910369039"
"149","2025-10-02 07:40","HashKeyCloud","0x91337f8fb3b0f965a0f0c34335d7f21a8b0993f70f8e24f376e8899dc704a10d","922.912446270"
"150","2025-10-03 07:40","HashKeyCloud","0x91337f8fb3b0f965a0f0c34335d7f21a8b0993f70f8e24f376e8899dc704a10d","922.880425552"
"125","2025-09-08 07:39","IOTA 3","0xfa266d81922fd9625f4cd0c20a9bdb96701be378b9d2de3a36dd3ac4079ce9e2","12460.395236154"
"126","2025-09-09 07:39","IOTA 3","0xfa266d81922fd9625f4cd0c20a9bdb96701be378b9d2de3a36dd3ac4079ce9e2","12467.413565855"
"127","2025-09-10 07:39","IOTA 3","0xfa266d81922fd9625f4cd0c20a9bdb96701be378b9d2de3a36dd3ac4079ce9e2","12442.943387698"
"128","2025-09-11 07:39","IOTA 3","0xfa266d81922fd9625f4cd0c20a9bdb96701be378b9d2de3a36dd3ac4079ce9e2","6183.084616157"
"129","2025-09-12 07:39","IOTA 3","0xfa266d81922fd9625f4cd0c20a9bdb96701be378b9d2de3a36dd3ac4079ce9e2","4935.853605583"
"130","2025-09-13 07:39","IOTA 3","0xfa266d81922fd9625f4cd0c20a9bdb96701be378b9d2de3a36dd3ac4079ce9e2","4934.953836788"
"131","2025-09-14 07:39","IOTA 3","0xfa266d81922fd9625f4cd0c20a9bdb96701be378b9d2de3a36dd3ac4079ce9e2","4918.034111724"
"132","2025-09-15 07:39","IOTA 3","0xfa266d81922fd9625f4cd0c20a9bdb96701be378b9d2de3a36dd3ac4079ce9e2","4936.468171567"
"133","2025-09-16 07:39","IOTA 3","0xfa266d81922fd9625f4cd0c20a9bdb96701be378b9d2de3a36dd3ac4079ce9e2","4920.758578688"
"134","2025-09-17 07:39","IOTA 3","0xfa266d81922fd9625f4cd0c20a9bdb96701be378b9d2de3a36dd3ac4079ce9e2","4912.706230148"
"135","2025-09-18 07:39","IOTA 3","0xfa266d81922fd9625f4cd0c20a9bdb96701be378b9d2de3a36dd3ac4079ce9e2","4921.778530435"
"136","2025-09-19 07:39","IOTA 3","0xfa266d81922fd9625f4cd0c20a9bdb96701be378b9d2de3a36dd3ac4079ce9e2","4902.123595329"
"137","2025-09-20 07:39","IOTA 3","0xfa266d81922fd9625f4cd0c20a9bdb96701be378b9d2de3a36dd3ac4079ce9e2","11218.553885843"
"138","2025-09-21 07:39","IOTA 3","0xfa266d81922fd9625f4cd0c20a9bdb96701be378b9d2de3a36dd3ac4079ce9e2","11199.207010613"
"139","2025-09-22 07:39","IOTA 3","0xfa266d81922fd9625f4cd0c20a9bdb96701be378b9d2de3a36dd3ac4079ce9e2","11192.583202430"
"140","2025-09-23 07:39","IOTA 3","0xfa266d81922fd9625f4cd0c20a9bdb96701be378b9d2de3a36dd3ac4079ce9e2","11220.686708658"
"141","2025-09-24 07:39","IOTA 3","0xfa266d81922fd9625f4cd0c20a9bdb96701be378b9d2de3a36dd3ac4079ce9e2","11196.711462723"
"142","2025-09-25 07:39","IOTA 3","0xfa266d81922fd9625f4cd0c20a9bdb96701be378b9d2de3a36dd3ac4079ce9e2","11195.442243181"
"143","2025-09-26 07:39","IOTA 3","0xfa266d81922fd9625f4cd0c20a9bdb96701be378b9d2de3a36dd3ac4079ce9e2","11194.618112484"
"144","2025-09-27 07:40","IOTA 3","0xfa266d81922fd9625f4cd0c20a9bdb96701be378b9d2de3a36dd3ac4079ce9e2","11181.711699167"
"145","2025-09-28 07:40","IOTA 3","0xfa266d81922fd9625f4cd0c20a9bdb96701be378b9d2de3a36dd3ac4079ce9e2","11181.853855099"
"146","2025-09-29 07:40","IOTA 3","0xfa266d81922fd9625f4cd0c20a9bdb96701be378b9d2de3a36dd3ac4079ce9e2","10558.703820922"
"147","2025-09-30 07:40","IOTA 3","0xfa266d81922fd9625f4cd0c20a9bdb96701be378b9d2de3a36dd3ac4079ce9e2","10300.880556493"
"148","2025-10-01 07:40","IOTA 3","0xfa266d81922fd9625f4cd0c20a9bdb96701be378b9d2de3a36dd3ac4079ce9e2","10288.209053805"
"149","2025-10-02 07:40","IOTA 3","0xfa266d81922fd9625f4cd0c20a9bdb96701be378b9d2de3a36dd3ac4079ce9e2","10279.653369727"
"150","2025-10-03 07:40","IOTA 3","0xfa266d81922fd9625f4cd0c20a9bdb96701be378b9d2de3a36dd3ac4079ce9e2","10317.884286221"
"125","2025-09-08 07:39","TokenLabs.Network","0xab283660ebfe5bd43b5fea206932567152924a8c68facfc4bc61190ba889589b","948.976739410"
"126","2025-09-09 07:39","TokenLabs.Network","0xab283660ebfe5bd43b5fea206932567152924a8c68facfc4bc61190ba889589b","920.780056170"
"127","2025-09-10 07:39","TokenLabs.Network","0xab283660ebfe5bd43b5fea206932567152924a8c68facfc4bc61190ba889589b","924.918659083"
"128","2025-09-11 07:39","TokenLabs.Network","0xab283660ebfe5bd43b5fea206932567152924a8c68facfc4bc61190ba889589b","925.352766835"
"129","2025-09-12 07:39","TokenLabs.Network","0xab283660ebfe5bd43b5fea206932567152924a8c68facfc4bc61190ba889589b","943.090385843"
"130","2025-09-13 07:39","TokenLabs.Network","0xab283660ebfe5bd43b5fea206932567152924a8c68facfc4bc61190ba889589b","953.112969324"
"131","2025-09-14 07:39","TokenLabs.Network","0xab283660ebfe5bd43b5fea206932567152924a8c68facfc4bc61190ba889589b","937.765896453"
"132","2025-09-15 07:39","TokenLabs.Network","0xab283660ebfe5bd43b5fea206932567152924a8c68facfc4bc61190ba889589b","931.455093513"
"133","2025-09-16 07:39","TokenLabs.Network","0xab283660ebfe5bd43b5fea206932567152924a8c68facfc4bc61190ba889589b","934.617494309"
"134","2025-09-17 07:39","TokenLabs.Network","0xab283660ebfe5bd43b5fea206932567152924a8c68facfc4bc61190ba889589b","936.270214752"
"135","2025-09-18 07:39","TokenLabs.Network","0xab283660ebfe5bd43b5fea206932567152924a8c68facfc4bc61190ba889589b","935.454164195"
"136","2025-09-19 07:39","TokenLabs.Network","0xab283660ebfe5bd43b5fea206932567152924a8c68facfc4bc61190ba889589b","930.957260463"
"137","2025-09-20 07:39","TokenLabs.Network","0xab283660ebfe5bd43b5fea206932567152924a8c68facfc4bc61190ba889589b","924.043510537"
"138","2025-09-21 07:39","TokenLabs.Network","0xab283660ebfe5bd43b5fea206932567152924a8c68facfc4bc61190ba889589b","922.025392878"
"139","2025-09-22 07:39","TokenLabs.Network","0xab283660ebfe5bd43b5fea206932567152924a8c68facfc4bc61190ba889589b","920.583276844"
"140","2025-09-23 07:39","TokenLabs.Network","0xab283660ebfe5bd43b5fea206932567152924a8c68facfc4bc61190ba889589b","921.142867444"
"141","2025-09-24 07:39","TokenLabs.Network","0xab283660ebfe5bd43b5fea206932567152924a8c68facfc4bc61190ba889589b","921.649099303"
"142","2025-09-25 07:39","TokenLabs.Network","0xab283660ebfe5bd43b5fea206932567152924a8c68facfc4bc61190ba889589b","920.743817109"
"143","2025-09-26 07:39","TokenLabs.Network","0xab283660ebfe5bd43b5fea206932567152924a8c68facfc4bc61190ba889589b","922.123473632"
"144","2025-09-27 07:40","TokenLabs.Network","0xab283660ebfe5bd43b5fea206932567152924a8c68facfc4bc61190ba889589b","919.940441574"
"145","2025-09-28 07:40","TokenLabs.Network","0xab283660ebfe5bd43b5fea206932567152924a8c68facfc4bc61190ba889589b","921.372987127"
"146","2025-09-29 07:40","TokenLabs.Network","0xab283660ebfe5bd43b5fea206932567152924a8c68facfc4bc61190ba889589b","919.442658359"
"147","2025-09-30 07:40","TokenLabs.Network","0xab283660ebfe5bd43b5fea206932567152924a8c68facfc4bc61190ba889589b","932.700929769"
"148","2025-10-01 07:40","TokenLabs.Network","0xab283660ebfe5bd43b5fea206932567152924a8c68facfc4bc61190ba889589b","920.568793442"
"149","2025-10-02 07:40","TokenLabs.Network","0xab283660ebfe5bd43b5fea206932567152924a8c68facfc4bc61190ba889589b","943.108329839"
"150","2025-10-03 07:40","TokenLabs.Network","0xab283660ebfe5bd43b5fea206932567152924a8c68facfc4bc61190ba889589b","932.942991709"
"125","2025-09-08 07:39","BlockHunters","0x829fcfaca1ce8ca42161469447c23a600b2df7215a5b784a51e930e323bdd3bb","1982.843596518"
"126","2025-09-09 07:39","BlockHunters","0x829fcfaca1ce8ca42161469447c23a600b2df7215a5b784a51e930e323bdd3bb","1982.769254747"
"127","2025-09-10 07:39","BlockHunters","0x829fcfaca1ce8ca42161469447c23a600b2df7215a5b784a51e930e323bdd3bb","1914.326151866"
"128","2025-09-11 07:39","BlockHunters","0x829fcfaca1ce8ca42161469447c23a600b2df7215a5b784a51e930e323bdd3bb","1914.582804862"
"129","2025-09-12 07:39","BlockHunters","0x829fcfaca1ce8ca42161469447c23a600b2df7215a5b784a51e930e323bdd3bb","1983.293943039"
"130","2025-09-13 07:39","BlockHunters","0x829fcfaca1ce8ca42161469447c23a600b2df7215a5b784a51e930e323bdd3bb","1983.212985967"
"131","2025-09-14 07:39","BlockHunters","0x829fcfaca1ce8ca42161469447c23a600b2df7215a5b784a51e930e323bdd3bb","1983.138740818"
"132","2025-09-15 07:39","BlockHunters","0x829fcfaca1ce8ca42161469447c23a600b2df7215a5b784a51e930e323bdd3bb","1980.731744851"
"133","2025-09-16 07:39","BlockHunters","0x829fcfaca1ce8ca42161469447c23a600b2df7215a5b784a51e930e323bdd3bb","1980.657734147"
"134","2025-09-17 07:39","BlockHunters","0x829fcfaca1ce8ca42161469447c23a600b2df7215a5b784a51e930e323bdd3bb","1912.287762140"
"135","2025-09-18 07:39","BlockHunters","0x829fcfaca1ce8ca42161469447c23a600b2df7215a5b784a51e930e323bdd3bb","1912.218823061"
"136","2025-09-19 07:39","BlockHunters","0x829fcfaca1ce8ca42161469447c23a600b2df7215a5b784a51e930e323bdd3bb","1912.149913279"
"137","2025-09-20 07:39","BlockHunters","0x829fcfaca1ce8ca42161469447c23a600b2df7215a5b784a51e930e323bdd3bb","1912.045748745"
"138","2025-09-21 07:39","BlockHunters","0x829fcfaca1ce8ca42161469447c23a600b2df7215a5b784a51e930e323bdd3bb","1843.692003538"
"139","2025-09-22 07:39","BlockHunters","0x829fcfaca1ce8ca42161469447c23a600b2df7215a5b784a51e930e323bdd3bb","1843.628003975"
"140","2025-09-23 07:39","BlockHunters","0x829fcfaca1ce8ca42161469447c23a600b2df7215a5b784a51e930e323bdd3bb","1843.564031173"
"141","2025-09-24 07:39","BlockHunters","0x829fcfaca1ce8ca42161469447c23a600b2df7215a5b784a51e930e323bdd3bb","1911.777858688"
"142","2025-09-25 07:39","BlockHunters","0x829fcfaca1ce8ca42161469447c23a600b2df7215a5b784a51e930e323bdd3bb","1911.709110295"
"143","2025-09-26 07:39","BlockHunters","0x829fcfaca1ce8ca42161469447c23a600b2df7215a5b784a51e930e323bdd3bb","1843.367518213"
"144","2025-09-27 07:40","BlockHunters","0x829fcfaca1ce8ca42161469447c23a600b2df7215a5b784a51e930e323bdd3bb","1843.303642205"
"145","2025-09-28 07:40","BlockHunters","0x829fcfaca1ce8ca42161469447c23a600b2df7215a5b784a51e930e323bdd3bb","1843.239790824"
"146","2025-09-29 07:40","BlockHunters","0x829fcfaca1ce8ca42161469447c23a600b2df7215a5b784a51e930e323bdd3bb","1843.175963645"
"147","2025-09-30 07:40","BlockHunters","0x829fcfaca1ce8ca42161469447c23a600b2df7215a5b784a51e930e323bdd3bb","1911.375606103"
"148","2025-10-01 07:40","BlockHunters","0x829fcfaca1ce8ca42161469447c23a600b2df7215a5b784a51e930e323bdd3bb","1914.321339423"
"149","2025-10-02 07:40","BlockHunters","0x829fcfaca1ce8ca42161469447c23a600b2df7215a5b784a51e930e323bdd3bb","1847.213058552"
"150","2025-10-03 07:40","BlockHunters","0x829fcfaca1ce8ca42161469447c23a600b2df7215a5b784a51e930e323bdd3bb","1915.561848584"
"125","2025-09-08 07:39","Meria","0x3a45ee9b0a4e1d6407e1a94b19df99c252654248dad3716f61dd36cf8e7fbdf7","939.224598788"
"126","2025-09-09 07:39","Meria","0x3a45ee9b0a4e1d6407e1a94b19df99c252654248dad3716f61dd36cf8e7fbdf7","939.197469274"
"127","2025-09-10 07:39","Meria","0x3a45ee9b0a4e1d6407e1a94b19df99c252654248dad3716f61dd36cf8e7fbdf7","938.108098456"
"128","2025-09-11 07:39","Meria","0x3a45ee9b0a4e1d6407e1a94b19df99c252654248dad3716f61dd36cf8e7fbdf7","937.892125906"
"129","2025-09-12 07:39","Meria","0x3a45ee9b0a4e1d6407e1a94b19df99c252654248dad3716f61dd36cf8e7fbdf7","967.173383846"
"130","2025-09-13 07:39","Meria","0x3a45ee9b0a4e1d6407e1a94b19df99c252654248dad3716f61dd36cf8e7fbdf7","967.144653377"
"131","2025-09-14 07:39","Meria","0x3a45ee9b0a4e1d6407e1a94b19df99c252654248dad3716f61dd36cf8e7fbdf7","967.264009942"
"132","2025-09-15 07:39","Meria","0x3a45ee9b0a4e1d6407e1a94b19df99c252654248dad3716f61dd36cf8e7fbdf7","967.150073932"
"133","2025-09-16 07:39","Meria","0x3a45ee9b0a4e1d6407e1a94b19df99c252654248dad3716f61dd36cf8e7fbdf7","967.121374903"
"134","2025-09-17 07:39","Meria","0x3a45ee9b0a4e1d6407e1a94b19df99c252654248dad3716f61dd36cf8e7fbdf7","937.388620235"
"135","2025-09-18 07:39","Meria","0x3a45ee9b0a4e1d6407e1a94b19df99c252654248dad3716f61dd36cf8e7fbdf7","937.361678212"
"136","2025-09-19 07:39","Meria","0x3a45ee9b0a4e1d6407e1a94b19df99c252654248dad3716f61dd36cf8e7fbdf7","937.334747604"
"137","2025-09-20 07:39","Meria","0x3a45ee9b0a4e1d6407e1a94b19df99c252654248dad3716f61dd36cf8e7fbdf7","906.823170253"
"138","2025-09-21 07:39","Meria","0x3a45ee9b0a4e1d6407e1a94b19df99c252654248dad3716f61dd36cf8e7fbdf7","906.797980515"
"139","2025-09-22 07:39","Meria","0x3a45ee9b0a4e1d6407e1a94b19df99c252654248dad3716f61dd36cf8e7fbdf7","906.772801047"
"140","2025-09-23 07:39","Meria","0x3a45ee9b0a4e1d6407e1a94b19df99c252654248dad3716f61dd36cf8e7fbdf7","906.747632163"
"141","2025-09-24 07:39","Meria","0x3a45ee9b0a4e1d6407e1a94b19df99c252654248dad3716f61dd36cf8e7fbdf7","906.722338096"
"142","2025-09-25 07:39","Meria","0x3a45ee9b0a4e1d6407e1a94b19df99c252654248dad3716f61dd36cf8e7fbdf7","906.631081478"
"143","2025-09-26 07:39","Meria","0x3a45ee9b0a4e1d6407e1a94b19df99c252654248dad3716f61dd36cf8e7fbdf7","906.341716934"
"144","2025-09-27 07:40","Meria","0x3a45ee9b0a4e1d6407e1a94b19df99c252654248dad3716f61dd36cf8e7fbdf7","906.185916519"
"145","2025-09-28 07:40","Meria","0x3a45ee9b0a4e1d6407e1a94b19df99c252654248dad3716f61dd36cf8e7fbdf7","906.160819139"
"146","2025-09-29 07:40","Meria","0x3a45ee9b0a4e1d6407e1a94b19df99c252654248dad3716f61dd36cf8e7fbdf7","906.135731081"
"147","2025-09-30 07:40","Meria","0x3a45ee9b0a4e1d6407e1a94b19df99c252654248dad3716f61dd36cf8e7fbdf7","906.110667553"
"148","2025-10-01 07:40","Meria","0x3a45ee9b0a4e1d6407e1a94b19df99c252654248dad3716f61dd36cf8e7fbdf7","936.216471494"
"149","2025-10-02 07:40","Meria","0x3a45ee9b0a4e1d6407e1a94b19df99c252654248dad3716f61dd36cf8e7fbdf7","936.262615215"
"150","2025-10-03 07:40","Meria","0x3a45ee9b0a4e1d6407e1a94b19df99c252654248dad3716f61dd36cf8e7fbdf7","936.304100825"
"125","2025-09-08 07:39","Spectrum Staking","0x7c46e2a0ec46e98cbb67abd1b96039ce7f945b0e4379fa0a39a87908e66676e3","1964.905471461"
"126","2025-09-09 07:39","Spectrum Staking","0x7c46e2a0ec46e98cbb67abd1b96039ce7f945b0e4379fa0a39a87908e66676e3","1990.371769035"
"127","2025-09-10 07:39","Spectrum Staking","0x7c46e2a0ec46e98cbb67abd1b96039ce7f945b0e4379fa0a39a87908e66676e3","1991.372980640"
"128","2025-09-11 07:39","Spectrum Staking","0x7c46e2a0ec46e98cbb67abd1b96039ce7f945b0e4379fa0a39a87908e66676e3","1994.575198966"
"129","2025-09-12 07:39","Spectrum Staking","0x7c46e2a0ec46e98cbb67abd1b96039ce7f945b0e4379fa0a39a87908e66676e3","1994.570167638"
"130","2025-09-13 07:39","Spectrum Staking","0x7c46e2a0ec46e98cbb67abd1b96039ce7f945b0e4379fa0a39a87908e66676e3","1991.321285987"
"131","2025-09-14 07:39","Spectrum Staking","0x7c46e2a0ec46e98cbb67abd1b96039ce7f945b0e4379fa0a39a87908e66676e3","1991.285792986"
"132","2025-09-15 07:39","Spectrum Staking","0x7c46e2a0ec46e98cbb67abd1b96039ce7f945b0e4379fa0a39a87908e66676e3","1990.432096411"
"133","2025-09-16 07:39","Spectrum Staking","0x7c46e2a0ec46e98cbb67abd1b96039ce7f945b0e4379fa0a39a87908e66676e3","1989.848108393"
"134","2025-09-17 07:39","Spectrum Staking","0x7c46e2a0ec46e98cbb67abd1b96039ce7f945b0e4379fa0a39a87908e66676e3","1992.047497001"
"135","2025-09-18 07:39","Spectrum Staking","0x7c46e2a0ec46e98cbb67abd1b96039ce7f945b0e4379fa0a39a87908e66676e3","1994.165889734"
"136","2025-09-19 07:39","Spectrum Staking","0x7c46e2a0ec46e98cbb67abd1b96039ce7f945b0e4379fa0a39a87908e66676e3","1978.382561121"
"137","2025-09-20 07:39","Spectrum Staking","0x7c46e2a0ec46e98cbb67abd1b96039ce7f945b0e4379fa0a39a87908e66676e3","1937.303583748"
"138","2025-09-21 07:39","Spectrum Staking","0x7c46e2a0ec46e98cbb67abd1b96039ce7f945b0e4379fa0a39a87908e66676e3","1962.212999372"
"139","2025-09-22 07:39","Spectrum Staking","0x7c46e2a0ec46e98cbb67abd1b96039ce7f945b0e4379fa0a39a87908e66676e3","1920.962633221"
"140","2025-09-23 07:39","Spectrum Staking","0x7c46e2a0ec46e98cbb67abd1b96039ce7f945b0e4379fa0a39a87908e66676e3","1922.737482505"
"141","2025-09-24 07:39","Spectrum Staking","0x7c46e2a0ec46e98cbb67abd1b96039ce7f945b0e4379fa0a39a87908e66676e3","1922.704315947"
"142","2025-09-25 07:39","Spectrum Staking","0x7c46e2a0ec46e98cbb67abd1b96039ce7f945b0e4379fa0a39a87908e66676e3","1924.197360138"
"143","2025-09-26 07:39","Spectrum Staking","0x7c46e2a0ec46e98cbb67abd1b96039ce7f945b0e4379fa0a39a87908e66676e3","1950.875111479"
"144","2025-09-27 07:40","Spectrum Staking","0x7c46e2a0ec46e98cbb67abd1b96039ce7f945b0e4379fa0a39a87908e66676e3","1951.064789242"
"145","2025-09-28 07:40","Spectrum Staking","0x7c46e2a0ec46e98cbb67abd1b96039ce7f945b0e4379fa0a39a87908e66676e3","1951.030873857"
"146","2025-09-29 07:40","Spectrum Staking","0x7c46e2a0ec46e98cbb67abd1b96039ce7f945b0e4379fa0a39a87908e66676e3","1950.996970723"
"147","2025-09-30 07:40","Spectrum Staking","0x7c46e2a0ec46e98cbb67abd1b96039ce7f945b0e4379fa0a39a87908e66676e3","1950.970055036"
"148","2025-10-01 07:40","Spectrum Staking","0x7c46e2a0ec46e98cbb67abd1b96039ce7f945b0e4379fa0a39a87908e66676e3","1951.283179935"
"149","2025-10-02 07:40","Spectrum Staking","0x7c46e2a0ec46e98cbb67abd1b96039ce7f945b0e4379fa0a39a87908e66676e3","2028.791582110"
"150","2025-10-03 07:40","Spectrum Staking","0x7c46e2a0ec46e98cbb67abd1b96039ce7f945b0e4379fa0a39a87908e66676e3","1996.250587895"
"125","2025-09-08 07:39","Realize","0xd2f2ee6d18ddbd7b69213773cfc13e93e0341c375a4ad2c6c516489e66eb9cd7","2956.459199450"
"126","2025-09-09 07:39","Realize","0xd2f2ee6d18ddbd7b69213773cfc13e93e0341c375a4ad2c6c516489e66eb9cd7","2956.438945742"
"127","2025-09-10 07:39","Realize","0xd2f2ee6d18ddbd7b69213773cfc13e93e0341c375a4ad2c6c516489e66eb9cd7","2960.764292050"
"128","2025-09-11 07:39","Realize","0xd2f2ee6d18ddbd7b69213773cfc13e93e0341c375a4ad2c6c516489e66eb9cd7","2973.590378175"
"129","2025-09-12 07:39","Realize","0xd2f2ee6d18ddbd7b69213773cfc13e93e0341c375a4ad2c6c516489e66eb9cd7","2998.685001273"
"130","2025-09-13 07:39","Realize","0xd2f2ee6d18ddbd7b69213773cfc13e93e0341c375a4ad2c6c516489e66eb9cd7","2998.664190542"
"131","2025-09-14 07:39","Realize","0xd2f2ee6d18ddbd7b69213773cfc13e93e0341c375a4ad2c6c516489e66eb9cd7","3000.323329532"
"132","2025-09-15 07:39","Realize","0xd2f2ee6d18ddbd7b69213773cfc13e93e0341c375a4ad2c6c516489e66eb9cd7","3000.540051861"
"133","2025-09-16 07:39","Realize","0xd2f2ee6d18ddbd7b69213773cfc13e93e0341c375a4ad2c6c516489e66eb9cd7","3000.485483206"
"134","2025-09-17 07:39","Realize","0xd2f2ee6d18ddbd7b69213773cfc13e93e0341c375a4ad2c6c516489e66eb9cd7","3000.464677470"
"135","2025-09-18 07:39","Realize","0xd2f2ee6d18ddbd7b69213773cfc13e93e0341c375a4ad2c6c516489e66eb9cd7","3000.057742591"
"136","2025-09-19 07:39","Realize","0xd2f2ee6d18ddbd7b69213773cfc13e93e0341c375a4ad2c6c516489e66eb9cd7","3006.398722259"
"137","2025-09-20 07:39","Realize","0xd2f2ee6d18ddbd7b69213773cfc13e93e0341c375a4ad2c6c516489e66eb9cd7","2951.315562272"
"138","2025-09-21 07:39","Realize","0xd2f2ee6d18ddbd7b69213773cfc13e93e0341c375a4ad2c6c516489e66eb9cd7","2951.069538571"
"139","2025-09-22 07:39","Realize","0xd2f2ee6d18ddbd7b69213773cfc13e93e0341c375a4ad2c6c516489e66eb9cd7","2951.049446462"
"140","2025-09-23 07:39","Realize","0xd2f2ee6d18ddbd7b69213773cfc13e93e0341c375a4ad2c6c516489e66eb9cd7","2951.029365060"
"141","2025-09-24 07:39","Realize","0xd2f2ee6d18ddbd7b69213773cfc13e93e0341c375a4ad2c6c516489e66eb9cd7","2977.609131430"
"142","2025-09-25 07:39","Realize","0xd2f2ee6d18ddbd7b69213773cfc13e93e0341c375a4ad2c6c516489e66eb9cd7","2972.364033433"
"143","2025-09-26 07:39","Realize","0xd2f2ee6d18ddbd7b69213773cfc13e93e0341c375a4ad2c6c516489e66eb9cd7","2966.983288105"
"144","2025-09-27 07:40","Realize","0xd2f2ee6d18ddbd7b69213773cfc13e93e0341c375a4ad2c6c516489e66eb9cd7","2964.825074497"
"145","2025-09-28 07:40","Realize","0xd2f2ee6d18ddbd7b69213773cfc13e93e0341c375a4ad2c6c516489e66eb9cd7","2976.156274120"
"146","2025-09-29 07:40","Realize","0xd2f2ee6d18ddbd7b69213773cfc13e93e0341c375a4ad2c6c516489e66eb9cd7","2950.698827866"
"147","2025-09-30 07:40","Realize","0xd2f2ee6d18ddbd7b69213773cfc13e93e0341c375a4ad2c6c516489e66eb9cd7","2950.686080980"
"148","2025-10-01 07:40","Realize","0xd2f2ee6d18ddbd7b69213773cfc13e93e0341c375a4ad2c6c516489e66eb9cd7","2950.653235703"
"149","2025-10-02 07:40","Realize","0xd2f2ee6d18ddbd7b69213773cfc13e93e0341c375a4ad2c6c516489e66eb9cd7","2966.422144840"
"150","2025-10-03 07:40","Realize","0xd2f2ee6d18ddbd7b69213773cfc13e93e0341c375a4ad2c6c516489e66eb9cd7","2968.270138173"
"125","2025-09-08 07:39","Stardust Staking","0xbf93d38ff24532817a62bfa4abe851b12ed68331134b955da31ea79169d22a0c","2003.445861296"
"126","2025-09-09 07:39","Stardust Staking","0xbf93d38ff24532817a62bfa4abe851b12ed68331134b955da31ea79169d22a0c","2016.113627524"
"127","2025-09-10 07:39","Stardust Staking","0xbf93d38ff24532817a62bfa4abe851b12ed68331134b955da31ea79169d22a0c","2001.376609162"
"128","2025-09-11 07:39","Stardust Staking","0xbf93d38ff24532817a62bfa4abe851b12ed68331134b955da31ea79169d22a0c","2002.229353398"
"129","2025-09-12 07:39","Stardust Staking","0xbf93d38ff24532817a62bfa4abe851b12ed68331134b955da31ea79169d22a0c","2024.466854626"
"130","2025-09-13 07:39","Stardust Staking","0xbf93d38ff24532817a62bfa4abe851b12ed68331134b955da31ea79169d22a0c","2020.754429898"
"131","2025-09-14 07:39","Stardust Staking","0xbf93d38ff24532817a62bfa4abe851b12ed68331134b955da31ea79169d22a0c","2018.443171664"
"132","2025-09-15 07:39","Stardust Staking","0xbf93d38ff24532817a62bfa4abe851b12ed68331134b955da31ea79169d22a0c","2033.356708620"
"133","2025-09-16 07:39","Stardust Staking","0xbf93d38ff24532817a62bfa4abe851b12ed68331134b955da31ea79169d22a0c","2065.704738036"
"134","2025-09-17 07:39","Stardust Staking","0xbf93d38ff24532817a62bfa4abe851b12ed68331134b955da31ea79169d22a0c","2030.782059944"
"135","2025-09-18 07:39","Stardust Staking","0xbf93d38ff24532817a62bfa4abe851b12ed68331134b955da31ea79169d22a0c","2018.334805368"
"136","2025-09-19 07:39","Stardust Staking","0xbf93d38ff24532817a62bfa4abe851b12ed68331134b955da31ea79169d22a0c","2014.614620696"
"137","2025-09-20 07:39","Stardust Staking","0xbf93d38ff24532817a62bfa4abe851b12ed68331134b955da31ea79169d22a0c","1994.029665192"
"138","2025-09-21 07:39","Stardust Staking","0xbf93d38ff24532817a62bfa4abe851b12ed68331134b955da31ea79169d22a0c","1995.784997874"
"139","2025-09-22 07:39","Stardust Staking","0xbf93d38ff24532817a62bfa4abe851b12ed68331134b955da31ea79169d22a0c","1992.884266936"
"140","2025-09-23 07:39","Stardust Staking","0xbf93d38ff24532817a62bfa4abe851b12ed68331134b955da31ea79169d22a0c","2032.938461430"
"141","2025-09-24 07:39","Stardust Staking","0xbf93d38ff24532817a62bfa4abe851b12ed68331134b955da31ea79169d22a0c","1995.397579002"
"142","2025-09-25 07:39","Stardust Staking","0xbf93d38ff24532817a62bfa4abe851b12ed68331134b955da31ea79169d22a0c","1993.661862730"
"143","2025-09-26 07:39","Stardust Staking","0xbf93d38ff24532817a62bfa4abe851b12ed68331134b955da31ea79169d22a0c","1994.449440256"
"144","2025-09-27 07:40","Stardust Staking","0xbf93d38ff24532817a62bfa4abe851b12ed68331134b955da31ea79169d22a0c","1994.575849964"
"145","2025-09-28 07:40","Stardust Staking","0xbf93d38ff24532817a62bfa4abe851b12ed68331134b955da31ea79169d22a0c","2002.377224788"
"146","2025-09-29 07:40","Stardust Staking","0xbf93d38ff24532817a62bfa4abe851b12ed68331134b955da31ea79169d22a0c","1995.453082348"
"147","2025-09-30 07:40","Stardust Staking","0xbf93d38ff24532817a62bfa4abe851b12ed68331134b955da31ea79169d22a0c","2055.875472102"
"148","2025-10-01 07:40","Stardust Staking","0xbf93d38ff24532817a62bfa4abe851b12ed68331134b955da31ea79169d22a0c","1995.007008998"
"149","2025-10-02 07:40","Stardust Staking","0xbf93d38ff24532817a62bfa4abe851b12ed68331134b955da31ea79169d22a0c","2161.869593384"
"150","2025-10-03 07:40","Stardust Staking","0xbf93d38ff24532817a62bfa4abe851b12ed68331134b955da31ea79169d22a0c","2077.942374120"
"125","2025-09-08 07:39","SDVC","0x1160f915cb5a63440a92c7d3c6f4549f281c61f73b1d6e399c9fcfb3f6be1a62","1903.489191408"
"126","2025-09-09 07:39","SDVC","0x1160f915cb5a63440a92c7d3c6f4549f281c61f73b1d6e399c9fcfb3f6be1a62","1903.420356958"
"127","2025-09-10 07:39","SDVC","0x1160f915cb5a63440a92c7d3c6f4549f281c61f73b1d6e399c9fcfb3f6be1a62","1903.266863402"
"128","2025-09-11 07:39","SDVC","0x1160f915cb5a63440a92c7d3c6f4549f281c61f73b1d6e399c9fcfb3f6be1a62","1903.176281112"
"129","2025-09-12 07:39","SDVC","0x1160f915cb5a63440a92c7d3c6f4549f281c61f73b1d6e399c9fcfb3f6be1a62","1903.107534918"
"130","2025-09-13 07:39","SDVC","0x1160f915cb5a63440a92c7d3c6f4549f281c61f73b1d6e399c9fcfb3f6be1a62","1903.038815980"
"131","2025-09-14 07:39","SDVC","0x1160f915cb5a63440a92c7d3c6f4549f281c61f73b1d6e399c9fcfb3f6be1a62","1915.711815050"
"132","2025-09-15 07:39","SDVC","0x1160f915cb5a63440a92c7d3c6f4549f281c61f73b1d6e399c9fcfb3f6be1a62","1916.147876642"
"133","2025-09-16 07:39","SDVC","0x1160f915cb5a63440a92c7d3c6f4549f281c61f73b1d6e399c9fcfb3f6be1a62","1916.078282186"
"134","2025-09-17 07:39","SDVC","0x1160f915cb5a63440a92c7d3c6f4549f281c61f73b1d6e399c9fcfb3f6be1a62","1864.205616118"
"135","2025-09-18 07:39","SDVC","0x1160f915cb5a63440a92c7d3c6f4549f281c61f73b1d6e399c9fcfb3f6be1a62","1864.161291054"
"136","2025-09-19 07:39","SDVC","0x1160f915cb5a63440a92c7d3c6f4549f281c61f73b1d6e399c9fcfb3f6be1a62","1864.095486558"
"137","2025-09-20 07:39","SDVC","0x1160f915cb5a63440a92c7d3c6f4549f281c61f73b1d6e399c9fcfb3f6be1a62","1864.029706152"
"138","2025-09-21 07:39","SDVC","0x1160f915cb5a63440a92c7d3c6f4549f281c61f73b1d6e399c9fcfb3f6be1a62","1863.963949274"
"139","2025-09-22 07:39","SDVC","0x1160f915cb5a63440a92c7d3c6f4549f281c61f73b1d6e399c9fcfb3f6be1a62","1863.898219608"
"140","2025-09-23 07:39","SDVC","0x1160f915cb5a63440a92c7d3c6f4549f281c61f73b1d6e399c9fcfb3f6be1a62","1863.830569000"
"141","2025-09-24 07:39","SDVC","0x1160f915cb5a63440a92c7d3c6f4549f281c61f73b1d6e399c9fcfb3f6be1a62","1868.772120534"
"142","2025-09-25 07:39","SDVC","0x1160f915cb5a63440a92c7d3c6f4549f281c61f73b1d6e399c9fcfb3f6be1a62","1868.706114250"
"143","2025-09-26 07:39","SDVC","0x1160f915cb5a63440a92c7d3c6f4549f281c61f73b1d6e399c9fcfb3f6be1a62","1868.640133774"
"144","2025-09-27 07:40","SDVC","0x1160f915cb5a63440a92c7d3c6f4549f281c61f73b1d6e399c9fcfb3f6be1a62","1868.574178500"
"145","2025-09-28 07:40","SDVC","0x1160f915cb5a63440a92c7d3c6f4549f281c61f73b1d6e399c9fcfb3f6be1a62","1868.508249116"
"146","2025-09-29 07:40","SDVC","0x1160f915cb5a63440a92c7d3c6f4549f281c61f73b1d6e399c9fcfb3f6be1a62","1868.442345192"
"147","2025-09-30 07:40","SDVC","0x1160f915cb5a63440a92c7d3c6f4549f281c61f73b1d6e399c9fcfb3f6be1a62","1868.376498082"
"148","2025-10-01 07:40","SDVC","0x1160f915cb5a63440a92c7d3c6f4549f281c61f73b1d6e399c9fcfb3f6be1a62","1868.315256916"
"149","2025-10-02 07:40","SDVC","0x1160f915cb5a63440a92c7d3c6f4549f281c61f73b1d6e399c9fcfb3f6be1a62","1914.415730916"
"150","2025-10-03 07:40","SDVC","0x1160f915cb5a63440a92c7d3c6f4549f281c61f73b1d6e399c9fcfb3f6be1a62","1918.950886906"
"125","2025-09-08 07:39","InfraSingularity","0x733531ed10cc84db699e1f968ea7765c37fc5db4e4effbc3924837484f79602b","1914.556236024"
"126","2025-09-09 07:39","InfraSingularity","0x733531ed10cc84db699e1f968ea7765c37fc5db4e4effbc3924837484f79602b","1914.484659652"
"127","2025-09-10 07:39","InfraSingularity","0x733531ed10cc84db699e1f968ea7765c37fc5db4e4effbc3924837484f79602b","1846.041215244"
"128","2025-09-11 07:39","InfraSingularity","0x733531ed10cc84db699e1f968ea7765c37fc5db4e4effbc3924837484f79602b","1845.974714960"
"129","2025-09-12 07:39","InfraSingularity","0x733531ed10cc84db699e1f968ea7765c37fc5db4e4effbc3924837484f79602b","1914.275210414"
"130","2025-09-13 07:39","InfraSingularity","0x733531ed10cc84db699e1f968ea7765c37fc5db4e4effbc3924837484f79602b","1914.294716236"
"131","2025-09-14 07:39","InfraSingularity","0x733531ed10cc84db699e1f968ea7765c37fc5db4e4effbc3924837484f79602b","1914.223278618"
"132","2025-09-15 07:39","InfraSingularity","0x733531ed10cc84db699e1f968ea7765c37fc5db4e4effbc3924837484f79602b","1914.151868096"
"133","2025-09-16 07:39","InfraSingularity","0x733531ed10cc84db699e1f968ea7765c37fc5db4e4effbc3924837484f79602b","1914.080488064"
"134","2025-09-17 07:39","InfraSingularity","0x733531ed10cc84db699e1f968ea7765c37fc5db4e4effbc3924837484f79602b","1846.638872392"
"135","2025-09-18 07:39","InfraSingularity","0x733531ed10cc84db699e1f968ea7765c37fc5db4e4effbc3924837484f79602b","1846.572482132"
"136","2025-09-19 07:39","InfraSingularity","0x733531ed10cc84db699e1f968ea7765c37fc5db4e4effbc3924837484f79602b","1846.506120018"
"137","2025-09-20 07:39","InfraSingularity","0x733531ed10cc84db699e1f968ea7765c37fc5db4e4effbc3924837484f79602b","1846.439782688"
"138","2025-09-21 07:39","InfraSingularity","0x733531ed10cc84db699e1f968ea7765c37fc5db4e4effbc3924837484f79602b","1846.373469588"
"139","2025-09-22 07:39","InfraSingularity","0x733531ed10cc84db699e1f968ea7765c37fc5db4e4effbc3924837484f79602b","1846.307184362"
"140","2025-09-23 07:39","InfraSingularity","0x733531ed10cc84db699e1f968ea7765c37fc5db4e4effbc3924837484f79602b","1846.240927638"
"141","2025-09-24 07:39","InfraSingularity","0x733531ed10cc84db699e1f968ea7765c37fc5db4e4effbc3924837484f79602b","1846.174692292"
"142","2025-09-25 07:39","InfraSingularity","0x733531ed10cc84db699e1f968ea7765c37fc5db4e4effbc3924837484f79602b","1846.108485532"
"143","2025-09-26 07:39","InfraSingularity","0x733531ed10cc84db699e1f968ea7765c37fc5db4e4effbc3924837484f79602b","1846.042305048"
"144","2025-09-27 07:40","InfraSingularity","0x733531ed10cc84db699e1f968ea7765c37fc5db4e4effbc3924837484f79602b","1845.976150240"
"145","2025-09-28 07:40","InfraSingularity","0x733531ed10cc84db699e1f968ea7765c37fc5db4e4effbc3924837484f79602b","1845.910021792"
"146","2025-09-29 07:40","InfraSingularity","0x733531ed10cc84db699e1f968ea7765c37fc5db4e4effbc3924837484f79602b","1845.843919270"
"147","2025-09-30 07:40","InfraSingularity","0x733531ed10cc84db699e1f968ea7765c37fc5db4e4effbc3924837484f79602b","1845.777873656"
"148","2025-10-01 07:40","InfraSingularity","0x733531ed10cc84db699e1f968ea7765c37fc5db4e4effbc3924837484f79602b","1914.071646324"
"149","2025-10-02 07:40","InfraSingularity","0x733531ed10cc84db699e1f968ea7765c37fc5db4e4effbc3924837484f79602b","1845.643462900"
"150","2025-10-03 07:40","InfraSingularity","0x733531ed10cc84db699e1f968ea7765c37fc5db4e4effbc3924837484f79602b","1913.932070386"
"125","2025-09-08 07:39","Klever","0x7bcc09fee96830273a0991117dff05d2896c5b4220c5196b17d3cab91921415d","1928.259851559"
"126","2025-09-09 07:39","Klever","0x7bcc09fee96830273a0991117dff05d2896c5b4220c5196b17d3cab91921415d","1924.852721031"
"127","2025-09-10 07:39","Klever","0x7bcc09fee96830273a0991117dff05d2896c5b4220c5196b17d3cab91921415d","1945.349293860"
"128","2025-09-11 07:39","Klever","0x7bcc09fee96830273a0991117dff05d2896c5b4220c5196b17d3cab91921415d","1927.436835707"
"129","2025-09-12 07:39","Klever","0x7bcc09fee96830273a0991117dff05d2896c5b4220c5196b17d3cab91921415d","1963.216449672"
"130","2025-09-13 07:39","Klever","0x7bcc09fee96830273a0991117dff05d2896c5b4220c5196b17d3cab91921415d","2002.099952546"
"131","2025-09-14 07:39","Klever","0x7bcc09fee96830273a0991117dff05d2896c5b4220c5196b17d3cab91921415d","2738.376270892"
"132","2025-09-15 07:39","Klever","0x7bcc09fee96830273a0991117dff05d2896c5b4220c5196b17d3cab91921415d","1971.725813984"
"133","2025-09-16 07:39","Klever","0x7bcc09fee96830273a0991117dff05d2896c5b4220c5196b17d3cab91921415d","1977.985258684"
"134","2025-09-17 07:39","Klever","0x7bcc09fee96830273a0991117dff05d2896c5b4220c5196b17d3cab91921415d","1977.954253495"
"135","2025-09-18 07:39","Klever","0x7bcc09fee96830273a0991117dff05d2896c5b4220c5196b17d3cab91921415d","2344.411344757"
"136","2025-09-19 07:39","Klever","0x7bcc09fee96830273a0991117dff05d2896c5b4220c5196b17d3cab91921415d","1954.821510030"
"137","2025-09-20 07:39","Klever","0x7bcc09fee96830273a0991117dff05d2896c5b4220c5196b17d3cab91921415d","1950.898666951"
"138","2025-09-21 07:39","Klever","0x7bcc09fee96830273a0991117dff05d2896c5b4220c5196b17d3cab91921415d","1946.701350184"
"139","2025-09-22 07:39","Klever","0x7bcc09fee96830273a0991117dff05d2896c5b4220c5196b17d3cab91921415d","1946.687767941"
"140","2025-09-23 07:39","Klever","0x7bcc09fee96830273a0991117dff05d2896c5b4220c5196b17d3cab91921415d","1952.291503414"
"141","2025-09-24 07:39","Klever","0x7bcc09fee96830273a0991117dff05d2896c5b4220c5196b17d3cab91921415d","1950.184705196"
"142","2025-09-25 07:39","Klever","0x7bcc09fee96830273a0991117dff05d2896c5b4220c5196b17d3cab91921415d","1996.131626364"
"143","2025-09-26 07:39","Klever","0x7bcc09fee96830273a0991117dff05d2896c5b4220c5196b17d3cab91921415d","1952.959900703"
"144","2025-09-27 07:40","Klever","0x7bcc09fee96830273a0991117dff05d2896c5b4220c5196b17d3cab91921415d","1952.907841437"
"145","2025-09-28 07:40","Klever","0x7bcc09fee96830273a0991117dff05d2896c5b4220c5196b17d3cab91921415d","1952.830835316"
"146","2025-09-29 07:40","Klever","0x7bcc09fee96830273a0991117dff05d2896c5b4220c5196b17d3cab91921415d","1951.403976042"
"147","2025-09-30 07:40","Klever","0x7bcc09fee96830273a0991117dff05d2896c5b4220c5196b17d3cab91921415d","1945.359667317"
"148","2025-10-01 07:40","Klever","0x7bcc09fee96830273a0991117dff05d2896c5b4220c5196b17d3cab91921415d","1989.354029768"
"149","2025-10-02 07:40","Klever","0x7bcc09fee96830273a0991117dff05d2896c5b4220c5196b17d3cab91921415d","2041.063293440"
"150","2025-10-03 07:40","Klever","0x7bcc09fee96830273a0991117dff05d2896c5b4220c5196b17d3cab91921415d","2010.741663215"

"--- Stake Objects ---"
"Epoch","End Date","Stake Object","Reward","Action"
"125","2025-09-08 07:39","0x07fe5a18ffca8eeb414924ffb7799b282952b492bc3fc8ac4216572e4e3e352d","896.513867073",""
"126","2025-09-09 07:39","0x07fe5a18ffca8eeb414924ffb7799b282952b492bc3fc8ac4216572e4e3e352d","897.098598863",""
"127","2025-09-10 07:39","0x07fe5a18ffca8eeb414924ffb7799b282952b492bc3fc8ac4216572e4e3e352d","900.216157362",""
"128","2025-09-11 07:39","0x07fe5a18ffca8eeb414924ffb7799b282952b492bc3fc8ac4216572e4e3e352d","894.562411855",""
"129","2025-09-12 07:39","0x07fe5a18ffca8eeb414924ffb7799b282952b492bc3fc8ac4216572e4e3e352d","908.388972002",""
"130","2025-09-13 07:39","0x07fe5a18ffca8eeb414924ffb7799b282952b492bc3fc8ac4216572e4e3e352d","910.497427886",""
"131","2025-09-14 07:39","0x07fe5a18ffca8eeb414924ffb7799b282952b492bc3fc8ac4216572e4e3e352d","908.636166475",""
"132","2025-09-15 07:39","0x07fe5a18ffca8eeb414924ffb7799b282952b492bc3fc8ac4216572e4e3e352d","916.741592082",""
"133","2025-09-16 07:39","0x07fe5a18ffca8eeb414924ffb7799b282952b492bc3fc8ac4216572e4e3e352d","910.279827002",""
"134","2025-09-17 07:39","0x07fe5a18ffca8eeb414924ffb7799b282952b492bc3fc8ac4216572e4e3e352d","907.442319327",""
"135","2025-09-18 07:39","0x07fe5a18ffca8eeb414924ffb7799b282952b492bc3fc8ac4216572e4e3e352d","906.191429298",""
"136","2025-09-19 07:39","0x07fe5a18ffca8eeb414924ffb7799b282952b492bc3fc8ac4216572e4e3e352d","905.273028561",""
"137","2025-09-20 07:39","0x07fe5a18ffca8eeb414924ffb7799b282952b492bc3fc8ac4216572e4e3e352d","895.838040195",""
"138","2025-09-21 07:39","0x07fe5a18ffca8eeb414924ffb7799b282952b492bc3fc8ac4216572e4e3e352d","894.442080116",""
"139","2025-09-22 07:39","0x07fe5a18ffca8eeb414924ffb7799b282952b492bc3fc8ac4216572e4e3e352d","895.280588336",""
"140","2025-09-23 07:39","0x07fe5a18ffca8eeb414924ffb7799b282952b492bc3fc8ac4216572e4e3e352d","895.042241783",""
"141","2025-09-24 07:39","0x07fe5a18ffca8eeb414924ffb7799b282952b492bc3fc8ac4216572e4e3e352d","894.486510657",""
"142","2025-09-25 07:39","0x07fe5a18ffca8eeb414924ffb7799b282952b492bc3fc8ac4216572e4e3e352d","894.813208555",""
"143","2025-09-26 07:39","0x07fe5a18ffca8eeb414924ffb7799b282952b492bc3fc8ac4216572e4e3e352d","893.816344537",""
"144","2025-09-27 07:40","0x07fe5a18ffca8eeb414924ffb7799b282952b492bc3fc8ac4216572e4e3e352d","893.577192782",""
"145","2025-09-28 07:40","0x07fe5a18ffca8eeb414924ffb7799b282952b492bc3fc8ac4216572e4e3e352d","893.550798107",""
"146","2025-09-29 07:40","0x07fe5a18ffca8eeb414924ffb7799b282952b492bc3fc8ac4216572e4e3e352d","893.341456301",""
"147","2025-09-30 07:40","0x07fe5a18ffca8eeb414924ffb7799b282952b492bc3fc8ac4216572e4e3e352d","895.829023466",""
"148","2025-10-01 07:40","0x07fe5a18ffca8eeb414924ffb7799b282952b492bc3fc8ac4216572e4e3e352d","894.443832104",""
"149","2025-10-02 07:40","0x07fe5a18ffca8eeb414924ffb7799b282952b492bc3fc8ac4216572e4e3e352d","910.696569114",""
"150","2025-10-03 07:40","0x07fe5a18ffca8eeb414924ffb7799b282952b492bc3fc8ac4216572e4e3e352d","896.155685506",""
"125","2025-09-08 07:39","0x0f460a66b8bd80af77582fdc04d06b88995b504ac6994b5b07ed8590d9d91a17","896.513867073",""
"126","2025-09-09 07:39","0x0f460a66b8bd80af77582fdc04d06b88995b504ac6994b5b07ed8590d9d91a17","897.098598863",""
"127","2025-09-10 07:39","0x0f460a66b8bd80af77582fdc04d06b88995b504ac6994b5b07ed8590d9d91a17","900.216157362",""
"128","2025-09-11 07:39","0x0f460a66b8bd80af77582fdc04d06b88995b504ac6994b5b07ed8590d9d91a17","894.562411855",""
"129","2025-09-12 07:39","0x0f460a66b8bd80af77582fdc04d06b88995b504ac6994b5b07ed8590d9d91a17","908.388972002",""
"130","2025-09-13 07:39","0x0f460a66b8bd80af77582fdc04d06b88995b504ac6994b5b07ed8590d9d91a17","910.497427886",""
"131","2025-09-14 07:39","0x0f460a66b8bd80af77582fdc04d06b88995b504ac6994b5b07ed8590d9d91a17","908.636166475",""
"132","2025-09-15 07:39","0x0f460a66b8bd80af77582fdc04d06b88995b504ac6994b5b07ed8590d9d91a17","916.741592082",""
"133","2025-09-16 07:39","0x0f460a66b8bd80af77582fdc04d06b88995b504ac6994b5b07ed8590d9d91a17","910.279827002",""
"134","2025-09-17 07:39","0x0f460a66b8bd80af77582fdc04d06b88995b504ac6994b5b07ed8590d9d91a17","907.442319327",""
"135","2025-09-18 07:39","0x0f460a66b8bd80af77582fdc04d06b88995b504ac6994b5b07ed8590d9d91a17","906.191429298",""
"136","2025-09-19 07:39","0x0f460a66b8bd80af77582fdc04d06b88995b504ac6994b5b07ed8590d9d91a17","905.273028561",""
"137","2025-09-20 07:39","0x0f460a66b8bd80af77582fdc04d06b88995b504ac6994b5b07ed8590d9d91a17","895.838040195",""
"138","2025-09-21 07:39","0x0f460a66b8bd80af77582fdc04d06b88995b504ac6994b5b07ed8590d9d91a17","894.442080116",""
"139","2025-09-22 07:39","0x0f460a66b8bd80af77582fdc04d06b88995b504ac6994b5b07ed8590d9d91a17","895.280588336",""
"140","2025-09-23 07:39","0x0f460a66b8bd80af77582fdc04d06b88995b504ac6994b5b07ed8590d9d91a17","895.042241783",""
"141","2025-09-24 07:39","0x0f460a66b8bd80af77582fdc04d06b88995b504ac6994b5b07ed8590d9d91a17","894.486510657",""
"142","2025-09-25 07:39","0x0f460a66b8bd80af77582fdc04d06b88995b504ac6994b5b07ed8590d9d91a17","894.813208555",""
"143","2025-09-26 07:39","0x0f460a66b8bd80af77582fdc04d06b88995b504ac6994b5b07ed8590d9d91a17","893.816344537",""
"144","2025-09-27 07:40","0x0f460a66b8bd80af77582fdc04d06b88995b504ac6994b5b07ed8590d9d91a17","893.577192782",""
"145","2025-09-28 07:40","0x0f460a66b8bd80af77582fdc04d06b88995b504ac6994b5b07ed8590d9d91a17","893.550798107",""
"146","2025-09-29 07:40","0x0f460a66b8bd80af77582fdc04d06b88995b504ac6994b5b07ed8590d9d91a17","893.341456301",""
"147","2025-09-30 07:40","0x0f460a66b8bd80af77582fdc04d06b88995b504ac6994b5b07ed8590d9d91a17","895.829023466",""
"148","2025-10-01 07:40","0x0f460a66b8bd80af77582fdc04d06b88995b504ac6994b5b07ed8590d9d91a17","894.443832104",""
"149","2025-10-02 07:40","0x0f460a66b8bd80af77582fdc04d06b88995b504ac6994b5b07ed8590d9d91a17","910.696569114",""
"150","2025-10-03 07:40","0x0f460a66b8bd80af77582fdc04d06b88995b504ac6994b5b07ed8590d9d91a17","896.155685506",""
"125","2025-09-08 07:39","0x1975fa34fa3d01292952feab03fc1ec9ff4e07dd76ec3d8eb40e468764861dc0","896.513867073",""
"126","2025-09-09 07:39","0x1975fa34fa3d01292952feab03fc1ec9ff4e07dd76ec3d8eb40e468764861dc0","897.098598863",""
"127","2025-09-10 07:39","0x1975fa34fa3d01292952feab03fc1ec9ff4e07dd76ec3d8eb40e468764861dc0","900.216157362",""
"128","2025-09-11 07:39","0x1975fa34fa3d01292952feab03fc1ec9ff4e07dd76ec3d8eb40e468764861dc0","894.562411855",""
"129","2025-09-12 07:39","0x1975fa34fa3d01292952feab03fc1ec9ff4e07dd76ec3d8eb40e468764861dc0","908.388972002",""
"130","2025-09-13 07:39","0x1975fa34fa3d01292952feab03fc1ec9ff4e07dd76ec3d8eb40e468764861dc0","910.497427886",""
"131","2025-09-14 07:39","0x1975fa34fa3d01292952feab03fc1ec9ff4e07dd76ec3d8eb40e468764861dc0","908.636166475",""
"132","2025-09-15 07:39","0x1975fa34fa3d01292952feab03fc1ec9ff4e07dd76ec3d8eb40e468764861dc0","916.741592082",""
"133","2025-09-16 07:39","0x1975fa34fa3d01292952feab03fc1ec9ff4e07dd76ec3d8eb40e468764861dc0","910.279827002",""
"134","2025-09-17 07:39","0x1975fa34fa3d01292952feab03fc1ec9ff4e07dd76ec3d8eb40e468764861dc0","907.442319327",""
"135","2025-09-18 07:39","0x1975fa34fa3d01292952feab03fc1ec9ff4e07dd76ec3d8eb40e468764861dc0","906.191429298",""
"136","2025-09-19 07:39","0x1975fa34fa3d01292952feab03fc1ec9ff4e07dd76ec3d8eb40e468764861dc0","905.273028561",""
"137","2025-09-20 07:39","0x1975fa34fa3d01292952feab03fc1ec9ff4e07dd76ec3d8eb40e468764861dc0","895.838040195",""
"138","2025-09-21 07:39","0x1975fa34fa3d01292952feab03fc1ec9ff4e07dd76ec3d8eb40e468764861dc0","894.442080116",""
"139","2025-09-22 07:39","0x1975fa34fa3d01292952feab03fc1ec9ff4e07dd76ec3d8eb40e468764861dc0","895.280588336",""
"140","2025-09-23 07:39","0x1975fa34fa3d01292952feab03fc1ec9ff4e07dd76ec3d8eb40e468764861dc0","895.042241783",""
"141","2025-09-24 07:39","0x1975fa34fa3d01292952feab03fc1ec9ff4e07dd76ec3d8eb40e468764861dc0","894.486510657",""
"142","2025-09-25 07:39","0x1975fa34fa3d01292952feab03fc1ec9ff4e07dd76ec3d8eb40e468764861dc0","894.813208555",""
"143","2025-09-26 07:39","0x1975fa34fa3d01292952feab03fc1ec9ff4e07dd76ec3d8eb40e468764861dc0","893.816344537",""
"144","2025-09-27 07:40","0x1975fa34fa3d01292952feab03fc1ec9ff4e07dd76ec3d8eb40e468764861dc0","893.577192782",""
"145","2025-09-28 07:40","0x1975fa34fa3d01292952feab03fc1ec9ff4e07dd76ec3d8eb40e468764861dc0","893.550798107",""
"146","2025-09-29 07:40","0x1975fa34fa3d01292952feab03fc1ec9ff4e07dd76ec3d8eb40e468764861dc0","893.341456301",""
"147","2025-09-30 07:40","0x1975fa34fa3d01292952feab03fc1ec9ff4e07dd76ec3d8eb40e468764861dc0","895.829023466",""
"148","2025-10-01 07:40","0x1975fa34fa3d01292952feab03fc1ec9ff4e07dd76ec3d8eb40e468764861dc0","894.443832104",""
"149","2025-10-02 07:40","0x1975fa34fa3d01292952feab03fc1ec9ff4e07dd76ec3d8eb40e468764861dc0","910.696569114",""
"150","2025-10-03 07:40","0x1975fa34fa3d01292952feab03fc1ec9ff4e07dd76ec3d8eb40e468764861dc0","896.155685506",""
"125","2025-09-08 07:39","0x2e21c694962a61068cb224764965a9620534c0bc07b1efc192f10cc1eae5e875","896.513867073",""
"126","2025-09-09 07:39","0x2e21c694962a61068cb224764965a9620534c0bc07b1efc192f10cc1eae5e875","897.098598863",""
"127","2025-09-10 07:39","0x2e21c694962a61068cb224764965a9620534c0bc07b1efc192f10cc1eae5e875","900.216157362",""
"128","2025-09-11 07:39","0x2e21c694962a61068cb224764965a9620534c0bc07b1efc192f10cc1eae5e875","894.562411855",""
"129","2025-09-12 07:39","0x2e21c694962a61068cb224764965a9620534c0bc07b1efc192f10cc1eae5e875","908.388972002",""
"130","2025-09-13 07:39","0x2e21c694962a61068cb224764965a9620534c0bc07b1efc192f10cc1eae5e875","910.497427886",""
"131","2025-09-14 07:39","0x2e21c694962a61068cb224764965a9620534c0bc07b1efc192f10cc1eae5e875","908.636166475",""
"132","2025-09-15 07:39","0x2e21c694962a61068cb224764965a9620534c0bc07b1efc192f10cc1eae5e875","916.741592082",""
"133","2025-09-16 07:39","0x2e21c694962a61068cb224764965a9620534c0bc07b1efc192f10cc1eae5e875","910.279827002",""
"134","2025-09-17 07:39","0x2e21c694962a61068cb224764965a9620534c0bc07b1efc192f10cc1eae5e875","907.442319327",""
"135","2025-09-18 07:39","0x2e21c694962a61068cb224764965a9620534c0bc07b1efc192f10cc1eae5e875","906.191429298",""
"136","2025-09-19 07:39","0x2e21c694962a61068cb224764965a9620534c0bc07b1efc192f10cc1eae5e875","905.273028561",""
"137","2025-09-20 07:39","0x2e21c694962a61068cb224764965a9620534c0bc07b1efc192f10cc1eae5e875","895.838040195",""
"138","2025-09-21 07:39","0x2e21c694962a61068cb224764965a9620534c0bc07b1efc192f10cc1eae5e875","894.442080116",""
"139","2025-09-22 07:39","0x2e21c694962a61068cb224764965a9620534c0bc07b1efc192f10cc1eae5e875","895.280588336",""
"140","2025-09-23 07:39","0x2e21c694962a61068cb224764965a9620534c0bc07b1efc192f10cc1eae5e875","895.042241783",""
"141","2025-09-24 07:39","0x2e21c694962a61068cb224764965a9620534c0bc07b1efc192f10cc1eae5e875","894.486510657",""
"142","2025-09-25 07:39","0x2e21c694962a61068cb224764965a9620534c0bc07b1efc192f10cc1eae5e875","894.813208555",""
"143","2025-09-26 07:39","0x2e21c694962a61068cb224764965a9620534c0bc07b1efc192f10cc1eae5e875","893.816344537",""
"144","2025-09-27 07:40","0x2e21c694962a61068cb224764965a9620534c0bc07b1efc192f10cc1eae5e875","893.577192782",""
"145","2025-09-28 07:40","0x2e21c694962a61068cb224764965a9620534c0bc07b1efc192f10cc1eae5e875","893.550798107",""
"146","2025-09-29 07:40","0x2e21c694962a61068cb224764965a9620534c0bc07b1efc192f10cc1eae5e875","893.341456301",""
"147","2025-09-30 07:40","0x2e21c694962a61068cb224764965a9620534c0bc07b1efc192f10cc1eae5e875","895.829023466",""
"148","2025-10-01 07:40","0x2e21c694962a61068cb224764965a9620534c0bc07b1efc192f10cc1eae5e875","894.443832104",""
"149","2025-10-02 07:40","0x2e21c694962a61068cb224764965a9620534c0bc07b1efc192f10cc1eae5e875","910.696569114",""
"150","2025-10-03 07:40","0x2e21c694962a61068cb224764965a9620534c0bc07b1efc192f10cc1eae5e875","896.155685506",""
"125","2025-09-08 07:39","0x3ff9b899ae3f4b43bce477f2f270d90bc409e11ad2925304abccddea7e04b508","896.513867073",""
"126","2025-09-09 07:39","0x3ff9b899ae3f4b43bce477f2f270d90bc409e11ad2925304abccddea7e04b508","897.098598863",""
"127","2025-09-10 07:39","0x3ff9b899ae3f4b43bce477f2f270d90bc409e11ad2925304abccddea7e04b508","900.216157362",""
"128","2025-09-11 07:39","0x3ff9b899ae3f4b43bce477f2f270d90bc409e11ad2925304abccddea7e04b508","894.562411855",""
"129","2025-09-12 07:39","0x3ff9b899ae3f4b43bce477f2f270d90bc409e11ad2925304abccddea7e04b508","908.388972002",""
"130","2025-09-13 07:39","0x3ff9b899ae3f4b43bce477f2f270d90bc409e11ad2925304abccddea7e04b508","910.497427886",""
"131","2025-09-14 07:39","0x3ff9b899ae3f4b43bce477f2f270d90bc409e11ad2925304abccddea7e04b508","908.636166475",""
"132","2025-09-15 07:39","0x3ff9b899ae3f4b43bce477f2f270d90bc409e11ad2925304abccddea7e04b508","916.741592082",""
"133","2025-09-16 07:39","0x3ff9b899ae3f4b43bce477f2f270d90bc409e11ad2925304abccddea7e04b508","910.279827002",""
"134","2025-09-17 07:39","0x3ff9b899ae3f4b43bce477f2f270d90bc409e11ad2925304abccddea7e04b508","907.442319327",""
"135","2025-09-18 07:39","0x3ff9b899ae3f4b43bce477f2f270d90bc409e11ad2925304abccddea7e04b508","906.191429298",""
"136","2025-09-19 07:39","0x3ff9b899ae3f4b43bce477f2f270d90bc409e11ad2925304abccddea7e04b508","905.273028561",""
"137","2025-09-20 07:39","0x3ff9b899ae3f4b43bce477f2f270d90bc409e11ad2925304abccddea7e04b508","895.838040195",""
"138","2025-09-21 07:39","0x3ff9b899ae3f4b43bce477f2f270d90bc409e11ad2925304abccddea7e04b508","894.442080116",""
"139","2025-09-22 07:39","0x3ff9b899ae3f4b43bce477f2f270d90bc409e11ad2925304abccddea7e04b508","895.280588336",""
"140","2025-09-23 07:39","0x3ff9b899ae3f4b43bce477f2f270d90bc409e11ad2925304abccddea7e04b508","895.042241783",""
"141","2025-09-24 07:39","0x3ff9b899ae3f4b43bce477f2f270d90bc409e11ad2925304abccddea7e04b508","894.486510657",""
"142","2025-09-25 07:39","0x3ff9b899ae3f4b43bce477f2f270d90bc409e11ad2925304abccddea7e04b508","894.813208555",""
"143","2025-09-26 07:39","0x3ff9b899ae3f4b43bce477f2f270d90bc409e11ad2925304abccddea7e04b508","893.816344537",""
"144","2025-09-27 07:40","0x3ff9b899ae3f4b43bce477f2f270d90bc409e11ad2925304abccddea7e04b508","893.577192782",""
"145","2025-09-28 07:40","0x3ff9b899ae3f4b43bce477f2f270d90bc409e11ad2925304abccddea7e04b508","893.550798107",""
"146","2025-09-29 07:40","0x3ff9b899ae3f4b43bce477f2f270d90bc409e11ad2925304abccddea7e04b508","893.341456301",""
"147","2025-09-30 07:40","0x3ff9b899ae3f4b43bce477f2f270d90bc409e11ad2925304abccddea7e04b508","895.829023466",""
"148","2025-10-01 07:40","0x3ff9b899ae3f4b43bce477f2f270d90bc409e11ad2925304abccddea7e04b508","894.443832104",""
"149","2025-10-02 07:40","0x3ff9b899ae3f4b43bce477f2f270d90bc409e11ad2925304abccddea7e04b508","910.696569114",""
"150","2025-10-03 07:40","0x3ff9b899ae3f4b43bce477f2f270d90bc409e11ad2925304abccddea7e04b508","896.155685506",""
"125","2025-09-08 07:39","0x409478bf0c5051254439ede6d3e1e0abe92acd64fb70f151abce052b2b67531d","896.513867073",""
"126","2025-09-09 07:39","0x409478bf0c5051254439ede6d3e1e0abe92acd64fb70f151abce052b2b67531d","897.098598863",""
"127","2025-09-10 07:39","0x409478bf0c5051254439ede6d3e1e0abe92acd64fb70f151abce052b2b67531d","900.216157362",""
"128","2025-09-11 07:39","0x409478bf0c5051254439ede6d3e1e0abe92acd64fb70f151abce052b2b67531d","894.562411855",""
"129","2025-09-12 07:39","0x409478bf0c5051254439ede6d3e1e0abe92acd64fb70f151abce052b2b67531d","908.388972002",""
"130","2025-09-13 07:39","0x409478bf0c5051254439ede6d3e1e0abe92acd64fb70f151abce052b2b67531d","910.497427886",""
"131","2025-09-14 07:39","0x409478bf0c5051254439ede6d3e1e0abe92acd64fb70f151abce052b2b67531d","908.636166475",""
"132","2025-09-15 07:39","0x409478bf0c5051254439ede6d3e1e0abe92acd64fb70f151abce052b2b67531d","916.741592082",""
"133","2025-09-16 07:39","0x409478bf0c5051254439ede6d3e1e0abe92acd64fb70f151abce052b2b67531d","910.279827002",""
"134","2025-09-17 07:39","0x409478bf0c5051254439ede6d3e1e0abe92acd64fb70f151abce052b2b67531d","907.442319327",""
"135","2025-09-18 07:39","0x409478bf0c5051254439ede6d3e1e0abe92acd64fb70f151abce052b2b67531d","906.191429298",""
"136","2025-09-19 07:39","0x409478bf0c5051254439ede6d3e1e0abe92acd64fb70f151abce052b2b67531d","905.273028561",""
"137","2025-09-20 07:39","0x409478bf0c5051254439ede6d3e1e0abe92acd64fb70f151abce052b2b67531d","895.838040195",""
"138","2025-09-21 07:39","0x409478bf0c5051254439ede6d3e1e0abe92acd64fb70f151abce052b2b67531d","894.442080116",""
"139","2025-09-22 07:39","0x409478bf0c5051254439ede6d3e1e0abe92acd64fb70f151abce052b2b67531d","895.280588336",""
"140","2025-09-23 07:39","0x409478bf0c5051254439ede6d3e1e0abe92acd64fb70f151abce052b2b67531d","895.042241783",""
"141","2025-09-24 07:39","0x409478bf0c5051254439ede6d3e1e0abe92acd64fb70f151abce052b2b67531d","894.486510657",""
"142","2025-09-25 07:39","0x409478bf0c5051254439ede6d3e1e0abe92acd64fb70f151abce052b2b67531d","894.813208555",""
"143","2025-09-26 07:39","0x409478bf0c5051254439ede6d3e1e0abe92acd64fb70f151abce052b2b67531d","893.816344537",""
"144","2025-09-27 07:40","0x409478bf0c5051254439ede6d3e1e0abe92acd64fb70f151abce052b2b67531d","893.577192782",""
"145","2025-09-28 07:40","0x409478bf0c5051254439ede6d3e1e0abe92acd64fb70f151abce052b2b67531d","893.550798107",""
"146","2025-09-29 07:40","0x409478bf0c5051254439ede6d3e1e0abe92acd64fb70f151abce052b2b67531d","893.341456301",""
"147","2025-09-30 07:40","0x409478bf0c5051254439ede6d3e1e0abe92acd64fb70f151abce052b2b67531d","895.829023466",""
"148","2025-10-01 07:40","0x409478bf0c5051254439ede6d3e1e0abe92acd64fb70f151abce052b2b67531d","894.443832104",""
"149","2025-10-02 07:40","0x409478bf0c5051254439ede6d3e1e0abe92acd64fb70f151abce052b2b67531d","910.696569114",""
"150","2025-10-03 07:40","0x409478bf0c5051254439ede6d3e1e0abe92acd64fb70f151abce052b2b67531d","896.155685506",""
"125","2025-09-08 07:39","0x42f0044d1fd7cc8000032a85f7dc27f64e7de8c6f8fea51784109f257e77099e","896.513867073",""
"126","2025-09-09 07:39","0x42f0044d1fd7cc8000032a85f7dc27f64e7de8c6f8fea51784109f257e77099e","897.098598863",""
"127","2025-09-10 07:39","0x42f0044d1fd7cc8000032a85f7dc27f64e7de8c6f8fea51784109f257e77099e","900.216157362",""
"128","2025-09-11 07:39","0x42f0044d1fd7cc8000032a85f7dc27f64e7de8c6f8fea51784109f257e77099e","894.562411855",""
"129","2025-09-12 07:39","0x42f0044d1fd7cc8000032a85f7dc27f64e7de8c6f8fea51784109f257e77099e","908.388972002",""
"130","2025-09-13 07:39","0x42f0044d1fd7cc8000032a85f7dc27f64e7de8c6f8fea51784109f257e77099e","910.497427886",""
"131","2025-09-14 07:39","0x42f0044d1fd7cc8000032a85f7dc27f64e7de8c6f8fea51784109f257e77099e","908.636166475",""
"132","2025-09-15 07:39","0x42f0044d1fd7cc8000032a85f7dc27f64e7de8c6f8fea51784109f257e77099e","916.741592082",""
"133","2025-09-16 07:39","0x42f0044d1fd7cc8000032a85f7dc27f64e7de8c6f8fea51784109f257e77099e","910.279827002",""
"134","2025-09-17 07:39","0x42f0044d1fd7cc8000032a85f7dc27f64e7de8c6f8fea51784109f257e77099e","907.442319327",""
"135","2025-09-18 07:39","0x42f0044d1fd7cc8000032a85f7dc27f64e7de8c6f8fea51784109f257e77099e","906.191429298",""
"136","2025-09-19 07:39","0x42f0044d1fd7cc8000032a85f7dc27f64e7de8c6f8fea51784109f257e77099e","905.273028561",""
"137","2025-09-20 07:39","0x42f0044d1fd7cc8000032a85f7dc27f64e7de8c6f8fea51784109f257e77099e","895.838040195",""
"138","2025-09-21 07:39","0x42f0044d1fd7cc8000032a85f7dc27f64e7de8c6f8fea51784109f257e77099e","894.442080116",""
"139","2025-09-22 07:39","0x42f0044d1fd7cc8000032a85f7dc27f64e7de8c6f8fea51784109f257e77099e","895.280588336",""
"140","2025-09-23 07:39","0x42f0044d1fd7cc8000032a85f7dc27f64e7de8c6f8fea51784109f257e77099e","895.042241783",""
"141","2025-09-24 07:39","0x42f0044d1fd7cc8000032a85f7dc27f64e7de8c6f8fea51784109f257e77099e","894.486510657",""
"142","2025-09-25 07:39","0x42f0044d1fd7cc8000032a85f7dc27f64e7de8c6f8fea51784109f257e77099e","894.813208555",""
"143","2025-09-26 07:39","0x42f0044d1fd7cc8000032a85f7dc27f64e7de8c6f8fea51784109f257e77099e","893.816344537",""
"144","2025-09-27 07:40","0x42f0044d1fd7cc8000032a85f7dc27f64e7de8c6f8fea51784109f257e77099e","893.577192782",""
"145","2025-09-28 07:40","0x42f0044d1fd7cc8000032a85f7dc27f64e7de8c6f8fea51784109f257e77099e","893.550798107",""
"146","2025-09-29 07:40","0x42f0044d1fd7cc8000032a85f7dc27f64e7de8c6f8fea51784109f257e77099e","893.341456301",""
"147","2025-09-30 07:40","0x42f0044d1fd7cc8000032a85f7dc27f64e7de8c6f8fea51784109f257e77099e","895.829023466",""
"148","2025-10-01 07:40","0x42f0044d1fd7cc8000032a85f7dc27f64e7de8c6f8fea51784109f257e77099e","894.443832104",""
"149","2025-10-02 07:40","0x42f0044d1fd7cc8000032a85f7dc27f64e7de8c6f8fea51784109f257e77099e","910.696569114",""
"150","2025-10-03 07:40","0x42f0044d1fd7cc8000032a85f7dc27f64e7de8c6f8fea51784109f257e77099e","896.155685506",""
"125","2025-09-08 07:39","0x53ded4903f1eefdc7a69e117183beda10cf2511339b6857684904f29af00831a","896.513867073",""
"126","2025-09-09 07:39","0x53ded4903f1eefdc7a69e117183beda10cf2511339b6857684904f29af00831a","897.098598863",""
"127","2025-09-10 07:39","0x53ded4903f1eefdc7a69e117183beda10cf2511339b6857684904f29af00831a","900.216157362",""
"128","2025-09-11 07:39","0x53ded4903f1eefdc7a69e117183beda10cf2511339b6857684904f29af00831a","894.562411855",""
"129","2025-09-12 07:39","0x53ded4903f1eefdc7a69e117183beda10cf2511339b6857684904f29af00831a","908.388972002",""
"130","2025-09-13 07:39","0x53ded4903f1eefdc7a69e117183beda10cf2511339b6857684904f29af00831a","910.497427886",""
"131","2025-09-14 07:39","0x53ded4903f1eefdc7a69e117183beda10cf2511339b6857684904f29af00831a","908.636166475",""
"132","2025-09-15 07:39","0x53ded4903f1eefdc7a69e117183beda10cf2511339b6857684904f29af00831a","916.741592082",""
"133","2025-09-16 07:39","0x53ded4903f1eefdc7a69e117183beda10cf2511339b6857684904f29af00831a","910.279827002",""
"134","2025-09-17 07:39","0x53ded4903f1eefdc7a69e117183beda10cf2511339b6857684904f29af00831a","907.442319327",""
"135","2025-09-18 07:39","0x53ded4903f1eefdc7a69e117183beda10cf2511339b6857684904f29af00831a","906.191429298",""
"136","2025-09-19 07:39","0x53ded4903f1eefdc7a69e117183beda10cf2511339b6857684904f29af00831a","905.273028561",""
"137","2025-09-20 07:39","0x53ded4903f1eefdc7a69e117183beda10cf2511339b6857684904f29af00831a","895.838040195",""
"138","2025-09-21 07:39","0x53ded4903f1eefdc7a69e117183beda10cf2511339b6857684904f29af00831a","894.442080116",""
"139","2025-09-22 07:39","0x53ded4903f1eefdc7a69e117183beda10cf2511339b6857684904f29af00831a","895.280588336",""
"140","2025-09-23 07:39","0x53ded4903f1eefdc7a69e117183beda10cf2511339b6857684904f29af00831a","895.042241783",""
"141","2025-09-24 07:39","0x53ded4903f1eefdc7a69e117183beda10cf2511339b6857684904f29af00831a","894.486510657",""
"142","2025-09-25 07:39","0x53ded4903f1eefdc7a69e117183beda10cf2511339b6857684904f29af00831a","894.813208555",""
"143","2025-09-26 07:39","0x53ded4903f1eefdc7a69e117183beda10cf2511339b6857684904f29af00831a","893.816344537",""
"144","2025-09-27 07:40","0x53ded4903f1eefdc7a69e117183beda10cf2511339b6857684904f29af00831a","893.577192782",""
"145","2025-09-28 07:40","0x53ded4903f1eefdc7a69e117183beda10cf2511339b6857684904f29af00831a","893.550798107",""
"146","2025-09-29 07:40","0x53ded4903f1eefdc7a69e117183beda10cf2511339b6857684904f29af00831a","893.341456301",""
"147","2025-09-30 07:40","0x53ded4903f1eefdc7a69e117183beda10cf2511339b6857684904f29af00831a","895.829023466",""
"148","2025-10-01 07:40","0x53ded4903f1eefdc7a69e117183beda10cf2511339b6857684904f29af00831a","894.443832104",""
"149","2025-10-02 07:40","0x53ded4903f1eefdc7a69e117183beda10cf2511339b6857684904f29af00831a","910.696569114",""
"150","2025-10-03 07:40","0x53ded4903f1eefdc7a69e117183beda10cf2511339b6857684904f29af00831a","896.155685506",""
"125","2025-09-08 07:39","0x75a30d810d73bce6612d872a74a65c0d2830182833a7e4c9e66f921ce4ae61c0","896.513867073",""
"126","2025-09-09 07:39","0x75a30d810d73bce6612d872a74a65c0d2830182833a7e4c9e66f921ce4ae61c0","897.098598863",""
"127","2025-09-10 07:39","0x75a30d810d73bce6612d872a74a65c0d2830182833a7e4c9e66f921ce4ae61c0","900.216157362",""
"128","2025-09-11 07:39","0x75a30d810d73bce6612d872a74a65c0d2830182833a7e4c9e66f921ce4ae61c0","894.562411855",""
"129","2025-09-12 07:39","0x75a30d810d73bce6612d872a74a65c0d2830182833a7e4c9e66f921ce4ae61c0","908.388972002",""
"130","2025-09-13 07:39","0x75a30d810d73bce6612d872a74a65c0d2830182833a7e4c9e66f921ce4ae61c0","910.497427886",""
"131","2025-09-14 07:39","0x75a30d810d73bce6612d872a74a65c0d2830182833a7e4c9e66f921ce4ae61c0","908.636166475",""
"132","2025-09-15 07:39","0x75a30d810d73bce6612d872a74a65c0d2830182833a7e4c9e66f921ce4ae61c0","916.741592082",""
"133","2025-09-16 07:39","0x75a30d810d73bce6612d872a74a65c0d2830182833a7e4c9e66f921ce4ae61c0","910.279827002",""
"134","2025-09-17 07:39","0x75a30d810d73bce6612d872a74a65c0d2830182833a7e4c9e66f921ce4ae61c0","907.442319327",""
"135","2025-09-18 07:39","0x75a30d810d73bce6612d872a74a65c0d2830182833a7e4c9e66f921ce4ae61c0","906.191429298",""
"136","2025-09-19 07:39","0x75a30d810d73bce6612d872a74a65c0d2830182833a7e4c9e66f921ce4ae61c0","905.273028561",""
"137","2025-09-20 07:39","0x75a30d810d73bce6612d872a74a65c0d2830182833a7e4c9e66f921ce4ae61c0","895.838040195",""
"138","2025-09-21 07:39","0x75a30d810d73bce6612d872a74a65c0d2830182833a7e4c9e66f921ce4ae61c0","894.442080116",""
"139","2025-09-22 07:39","0x75a30d810d73bce6612d872a74a65c0d2830182833a7e4c9e66f921ce4ae61c0","895.280588336",""
"140","2025-09-23 07:39","0x75a30d810d73bce6612d872a74a65c0d2830182833a7e4c9e66f921ce4ae61c0","895.042241783",""
"141","2025-09-24 07:39","0x75a30d810d73bce6612d872a74a65c0d2830182833a7e4c9e66f921ce4ae61c0","894.486510657",""
"142","2025-09-25 07:39","0x75a30d810d73bce6612d872a74a65c0d2830182833a7e4c9e66f921ce4ae61c0","894.813208555",""
"143","2025-09-26 07:39","0x75a30d810d73bce6612d872a74a65c0d2830182833a7e4c9e66f921ce4ae61c0","893.816344537",""
"144","2025-09-27 07:40","0x75a30d810d73bce6612d872a74a65c0d2830182833a7e4c9e66f921ce4ae61c0","893.577192782",""
"145","2025-09-28 07:40","0x75a30d810d73bce6612d872a74a65c0d2830182833a7e4c9e66f921ce4ae61c0","893.550798107",""
"146","2025-09-29 07:40","0x75a30d810d73bce6612d872a74a65c0d2830182833a7e4c9e66f921ce4ae61c0","893.341456301",""
"147","2025-09-30 07:40","0x75a30d810d73bce6612d872a74a65c0d2830182833a7e4c9e66f921ce4ae61c0","895.829023466",""
"148","2025-10-01 07:40","0x75a30d810d73bce6612d872a74a65c0d2830182833a7e4c9e66f921ce4ae61c0","894.443832104",""
"149","2025-10-02 07:40","0x75a30d810d73bce6612d872a74a65c0d2830182833a7e4c9e66f921ce4ae61c0","910.696569114",""
"150","2025-10-03 07:40","0x75a30d810d73bce6612d872a74a65c0d2830182833a7e4c9e66f921ce4ae61c0","896.155685506",""
"125","2025-09-08 07:39","0x77782cd5718831c11d961e2c0fa1babb963ee8d2a19011c71a7ebf24e5609f4f","896.513867073",""
"126","2025-09-09 07:39","0x77782cd5718831c11d961e2c0fa1babb963ee8d2a19011c71a7ebf24e5609f4f","897.098598863",""
"127","2025-09-10 07:39","0x77782cd5718831c11d961e2c0fa1babb963ee8d2a19011c71a7ebf24e5609f4f","900.216157362",""
"128","2025-09-11 07:39","0x77782cd5718831c11d961e2c0fa1babb963ee8d2a19011c71a7ebf24e5609f4f","894.562411855",""
"129","2025-09-12 07:39","0x77782cd5718831c11d961e2c0fa1babb963ee8d2a19011c71a7ebf24e5609f4f","908.388972002",""
"130","2025-09-13 07:39","0x77782cd5718831c11d961e2c0fa1babb963ee8d2a19011c71a7ebf24e5609f4f","910.497427886",""
"131","2025-09-14 07:39","0x77782cd5718831c11d961e2c0fa1babb963ee8d2a19011c71a7ebf24e5609f4f","908.636166475",""
"132","2025-09-15 07:39","0x77782cd5718831c11d961e2c0fa1babb963ee8d2a19011c71a7ebf24e5609f4f","916.741592082",""
"133","2025-09-16 07:39","0x77782cd5718831c11d961e2c0fa1babb963ee8d2a19011c71a7ebf24e5609f4f","910.279827002",""
"134","2025-09-17 07:39","0x77782cd5718831c11d961e2c0fa1babb963ee8d2a19011c71a7ebf24e5609f4f","907.442319327",""
"135","2025-09-18 07:39","0x77782cd5718831c11d961e2c0fa1babb963ee8d2a19011c71a7ebf24e5609f4f","906.191429298",""
"136","2025-09-19 07:39","0x77782cd5718831c11d961e2c0fa1babb963ee8d2a19011c71a7ebf24e5609f4f","905.273028561",""
"137","2025-09-20 07:39","0x77782cd5718831c11d961e2c0fa1babb963ee8d2a19011c71a7ebf24e5609f4f","895.838040195",""
"138","2025-09-21 07:39","0x77782cd5718831c11d961e2c0fa1babb963ee8d2a19011c71a7ebf24e5609f4f","894.442080116",""
"139","2025-09-22 07:39","0x77782cd5718831c11d961e2c0fa1babb963ee8d2a19011c71a7ebf24e5609f4f","895.280588336",""
"140","2025-09-23 07:39","0x77782cd5718831c11d961e2c0fa1babb963ee8d2a19011c71a7ebf24e5609f4f","895.042241783",""
"141","2025-09-24 07:39","0x77782cd5718831c11d961e2c0fa1babb963ee8d2a19011c71a7ebf24e5609f4f","894.486510657",""
"142","2025-09-25 07:39","0x77782cd5718831c11d961e2c0fa1babb963ee8d2a19011c71a7ebf24e5609f4f","894.813208555",""
"143","2025-09-26 07:39","0x77782cd5718831c11d961e2c0fa1babb963ee8d2a19011c71a7ebf24e5609f4f","893.816344537",""
"144","2025-09-27 07:40","0x77782cd5718831c11d961e2c0fa1babb963ee8d2a19011c71a7ebf24e5609f4f","893.577192782",""
"145","2025-09-28 07:40","0x77782cd5718831c11d961e2c0fa1babb963ee8d2a19011c71a7ebf24e5609f4f","893.550798107",""
"146","2025-09-29 07:40","0x77782cd5718831c11d961e2c0fa1babb963ee8d2a19011c71a7ebf24e5609f4f","893.341456301",""
"147","2025-09-30 07:40","0x77782cd5718831c11d961e2c0fa1babb963ee8d2a19011c71a7ebf24e5609f4f","895.829023466",""
"148","2025-10-01 07:40","0x77782cd5718831c11d961e2c0fa1babb963ee8d2a19011c71a7ebf24e5609f4f","894.443832104",""
"149","2025-10-02 07:40","0x77782cd5718831c11d961e2c0fa1babb963ee8d2a19011c71a7ebf24e5609f4f","910.696569114",""
"150","2025-10-03 07:40","0x77782cd5718831c11d961e2c0fa1babb963ee8d2a19011c71a7ebf24e5609f4f","896.155685506",""
"125","2025-09-08 07:39","0x7ba4c91191f7c0db25dc51971a436fbe49e4e81db1ea51cddae572dbe2f6f60d","896.513867073",""
"126","2025-09-09 07:39","0x7ba4c91191f7c0db25dc51971a436fbe49e4e81db1ea51cddae572dbe2f6f60d","897.098598863",""
"127","2025-09-10 07:39","0x7ba4c91191f7c0db25dc51971a436fbe49e4e81db1ea51cddae572dbe2f6f60d","900.216157362",""
"128","2025-09-11 07:39","0x7ba4c91191f7c0db25dc51971a436fbe49e4e81db1ea51cddae572dbe2f6f60d","894.562411855",""
"129","2025-09-12 07:39","0x7ba4c91191f7c0db25dc51971a436fbe49e4e81db1ea51cddae572dbe2f6f60d","908.388972002",""
"130","2025-09-13 07:39","0x7ba4c91191f7c0db25dc51971a436fbe49e4e81db1ea51cddae572dbe2f6f60d","910.497427886",""
"131","2025-09-14 07:39","0x7ba4c91191f7c0db25dc51971a436fbe49e4e81db1ea51cddae572dbe2f6f60d","908.636166475",""
"132","2025-09-15 07:39","0x7ba4c91191f7c0db25dc51971a436fbe49e4e81db1ea51cddae572dbe2f6f60d","916.741592082",""
"133","2025-09-16 07:39","0x7ba4c91191f7c0db25dc51971a436fbe49e4e81db1ea51cddae572dbe2f6f60d","910.279827002",""
"134","2025-09-17 07:39","0x7ba4c91191f7c0db25dc51971a436fbe49e4e81db1ea51cddae572dbe2f6f60d","907.442319327",""
"135","2025-09-18 07:39","0x7ba4c91191f7c0db25dc51971a436fbe49e4e81db1ea51cddae572dbe2f6f60d","906.191429298",""
"136","2025-09-19 07:39","0x7ba4c91191f7c0db25dc51971a436fbe49e4e81db1ea51cddae572dbe2f6f60d","905.273028561",""
"137","2025-09-20 07:39","0x7ba4c91191f7c0db25dc51971a436fbe49e4e81db1ea51cddae572dbe2f6f60d","895.838040195",""
"138","2025-09-21 07:39","0x7ba4c91191f7c0db25dc51971a436fbe49e4e81db1ea51cddae572dbe2f6f60d","894.442080116",""
"139","2025-09-22 07:39","0x7ba4c91191f7c0db25dc51971a436fbe49e4e81db1ea51cddae572dbe2f6f60d","895.280588336",""
"140","2025-09-23 07:39","0x7ba4c91191f7c0db25dc51971a436fbe49e4e81db1ea51cddae572dbe2f6f60d","895.042241783",""
"141","2025-09-24 07:39","0x7ba4c91191f7c0db25dc51971a436fbe49e4e81db1ea51cddae572dbe2f6f60d","894.486510657",""
"142","2025-09-25 07:39","0x7ba4c91191f7c0db25dc51971a436fbe49e4e81db1ea51cddae572dbe2f6f60d","894.813208555",""
"143","2025-09-26 07:39","0x7ba4c91191f7c0db25dc51971a436fbe49e4e81db1ea51cddae572dbe2f6f60d","893.816344537",""
"144","2025-09-27 07:40","0x7ba4c91191f7c0db25dc51971a436fbe49e4e81db1ea51cddae572dbe2f6f60d","893.577192782",""
"145","2025-09-28 07:40","0x7ba4c91191f7c0db25dc51971a436fbe49e4e81db1ea51cddae572dbe2f6f60d","893.550798107",""
"146","2025-09-29 07:40","0x7ba4c91191f7c0db25dc51971a436fbe49e4e81db1ea51cddae572dbe2f6f60d","893.341456301",""
"147","2025-09-30 07:40","0x7ba4c91191f7c0db25dc51971a436fbe49e4e81db1ea51cddae572dbe2f6f60d","895.829023466",""
"148","2025-10-01 07:40","0x7ba4c91191f7c0db25dc51971a436fbe49e4e81db1ea51cddae572dbe2f6f60d","894.443832104",""
"149","2025-10-02 07:40","0x7ba4c91191f7c0db25dc51971a436fbe49e4e81db1ea51cddae572dbe2f6f60d","910.696569114",""
"150","2025-10-03 07:40","0x7ba4c91191f7c0db25dc51971a436fbe49e4e81db1ea51cddae572dbe2f6f60d","896.155685506",""
"125","2025-09-08 07:39","0xae0b0dabdad5e19bd58ef89a10f3728972c7d6ffebe72aa19cca3d3bb532bc1a","896.513867073",""
"126","2025-09-09 07:39","0xae0b0dabdad5e19bd58ef89a10f3728972c7d6ffebe72aa19cca3d3bb532bc1a","897.098598863",""
"127","2025-09-10 07:39","0xae0b0dabdad5e19bd58ef89a10f3728972c7d6ffebe72aa19cca3d3bb532bc1a","900.216157362",""
"128","2025-09-11 07:39","0xae0b0dabdad5e19bd58ef89a10f3728972c7d6ffebe72aa19cca3d3bb532bc1a","894.562411855",""
"129","2025-09-12 07:39","0xae0b0dabdad5e19bd58ef89a10f3728972c7d6ffebe72aa19cca3d3bb532bc1a","908.388972002",""
"130","2025-09-13 07:39","0xae0b0dabdad5e19bd58ef89a10f3728972c7d6ffebe72aa19cca3d3bb532bc1a","910.497427886",""
"131","2025-09-14 07:39","0xae0b0dabdad5e19bd58ef89a10f3728972c7d6ffebe72aa19cca3d3bb532bc1a","908.636166475",""
"132","2025-09-15 07:39","0xae0b0dabdad5e19bd58ef89a10f3728972c7d6ffebe72aa19cca3d3bb532bc1a","916.741592082",""
"133","2025-09-16 07:39","0xae0b0dabdad5e19bd58ef89a10f3728972c7d6ffebe72aa19cca3d3bb532bc1a","910.279827002",""
"134","2025-09-17 07:39","0xae0b0dabdad5e19bd58ef89a10f3728972c7d6ffebe72aa19cca3d3bb532bc1a","907.442319327",""
"135","2025-09-18 07:39","0xae0b0dabdad5e19bd58ef89a10f3728972c7d6ffebe72aa19cca3d3bb532bc1a","906.191429298",""
"136","2025-09-19 07:39","0xae0b0dabdad5e19bd58ef89a10f3728972c7d6ffebe72aa19cca3d3bb532bc1a","905.273028561",""
"137","2025-09-20 07:39","0xae0b0dabdad5e19bd58ef89a10f3728972c7d6ffebe72aa19cca3d3bb532bc1a","895.838040195",""
"138","2025-09-21 07:39","0xae0b0dabdad5e19bd58ef89a10f3728972c7d6ffebe72aa19cca3d3bb532bc1a","894.442080116",""
"139","2025-09-22 07:39","0xae0b0dabdad5e19bd58ef89a10f3728972c7d6ffebe72aa19cca3d3bb532bc1a","895.280588336",""
"140","2025-09-23 07:39","0xae0b0dabdad5e19bd58ef89a10f3728972c7d6ffebe72aa19cca3d3bb532bc1a","895.042241783",""
"141","2025-09-24 07:39","0xae0b0dabdad5e19bd58ef89a10f3728972c7d6ffebe72aa19cca3d3bb532bc1a","894.486510657",""
"142","2025-09-25 07:39","0xae0b0dabdad5e19bd58ef89a10f3728972c7d6ffebe72aa19cca3d3bb532bc1a","894.813208555",""
"143","2025-09-26 07:39","0xae0b0dabdad5e19bd58ef89a10f3728972c7d6ffebe72aa19cca3d3bb532bc1a","893.816344537",""
"144","2025-09-27 07:40","0xae0b0dabdad5e19bd58ef89a10f3728972c7d6ffebe72aa19cca3d3bb532bc1a","893.577192782",""
"145","2025-09-28 07:40","0xae0b0dabdad5e19bd58ef89a10f3728972c7d6ffebe72aa19cca3d3bb532bc1a","893.550798107",""
"146","2025-09-29 07:40","0xae0b0dabdad5e19bd58ef89a10f3728972c7d6ffebe72aa19cca3d3bb532bc1a","893.341456301",""
"147","2025-09-30 07:40","0xae0b0dabdad5e19bd58ef89a10f3728972c7d6ffebe72aa19cca3d3bb532bc1a","895.829023466",""
"148","2025-10-01 07:40","0xae0b0dabdad5e19bd58ef89a10f3728972c7d6ffebe72aa19cca3d3bb532bc1a","894.443832104",""
"149","2025-10-02 07:40","0xae0b0dabdad5e19bd58ef89a10f3728972c7d6ffebe72aa19cca3d3bb532bc1a","910.696569114",""
"150","2025-10-03 07:40","0xae0b0dabdad5e19bd58ef89a10f3728972c7d6ffebe72aa19cca3d3bb532bc1a","896.155685506",""
"125","2025-09-08 07:39","0xaeaa540084d59bb9ce444ebbc345a61c44e4a4f7b0f79995ced9d0a0b52a9cd6","674.286850465",""
"126","2025-09-09 07:39","0xaeaa540084d59bb9ce444ebbc345a61c44e4a4f7b0f79995ced9d0a0b52a9cd6","674.726639487",""
"127","2025-09-10 07:39","0xaeaa540084d59bb9ce444ebbc345a61c44e4a4f7b0f79995ced9d0a0b52a9cd6","677.071420508",""
"128","2025-09-11 07:39","0xaeaa540084d59bb9ce444ebbc345a61c44e4a4f7b0f79995ced9d0a0b52a9cd6","672.819120137",""
"129","2025-09-12 07:39","0xaeaa540084d59bb9ce444ebbc345a61c44e4a4f7b0f79995ced9d0a0b52a9cd6","683.218365520",""
"130","2025-09-13 07:39","0xaeaa540084d59bb9ce444ebbc345a61c44e4a4f7b0f79995ced9d0a0b52a9cd6","684.804179337",""
"131","2025-09-14 07:39","0xaeaa540084d59bb9ce444ebbc345a61c44e4a4f7b0f79995ced9d0a0b52a9cd6","683.404285659",""
"132","2025-09-15 07:39","0xaeaa540084d59bb9ce444ebbc345a61c44e4a4f7b0f79995ced9d0a0b52a9cd6","689.500545968",""
"133","2025-09-16 07:39","0xaeaa540084d59bb9ce444ebbc345a61c44e4a4f7b0f79995ced9d0a0b52a9cd6","684.640517157",""
"134","2025-09-17 07:39","0xaeaa540084d59bb9ce444ebbc345a61c44e4a4f7b0f79995ced9d0a0b52a9cd6","682.506368222",""
"135","2025-09-18 07:39","0xaeaa540084d59bb9ce444ebbc345a61c44e4a4f7b0f79995ced9d0a0b52a9cd6","681.565547642",""
"136","2025-09-19 07:39","0xaeaa540084d59bb9ce444ebbc345a61c44e4a4f7b0f79995ced9d0a0b52a9cd6","680.874799217",""
"137","2025-09-20 07:39","0xaeaa540084d59bb9ce444ebbc345a61c44e4a4f7b0f79995ced9d0a0b52a9cd6","673.778546920",""
"138","2025-09-21 07:39","0xaeaa540084d59bb9ce444ebbc345a61c44e4a4f7b0f79995ced9d0a0b52a9cd6","672.728616115",""
"139","2025-09-22 07:39","0xaeaa540084d59bb9ce444ebbc345a61c44e4a4f7b0f79995ced9d0a0b52a9cd6","673.359275704",""
"140","2025-09-23 07:39","0xaeaa540084d59bb9ce444ebbc345a61c44e4a4f7b0f79995ced9d0a0b52a9cd6","673.180010271",""
"141","2025-09-24 07:39","0xaeaa540084d59bb9ce444ebbc345a61c44e4a4f7b0f79995ced9d0a0b52a9cd6","672.762033257",""
"142","2025-09-25 07:39","0xaeaa540084d59bb9ce444ebbc345a61c44e4a4f7b0f79995ced9d0a0b52a9cd6","673.007749584",""
"143","2025-09-26 07:39","0xaeaa540084d59bb9ce444ebbc345a61c44e4a4f7b0f79995ced9d0a0b52a9cd6","672.257987285",""
"144","2025-09-27 07:40","0xaeaa540084d59bb9ce444ebbc345a61c44e4a4f7b0f79995ced9d0a0b52a9cd6","672.078116243",""
"145","2025-09-28 07:40","0xaeaa540084d59bb9ce444ebbc345a61c44e4a4f7b0f79995ced9d0a0b52a9cd6","672.058264255",""
"146","2025-09-29 07:40","0xaeaa540084d59bb9ce444ebbc345a61c44e4a4f7b0f79995ced9d0a0b52a9cd6","671.900813900",""
"147","2025-09-30 07:40","0xaeaa540084d59bb9ce444ebbc345a61c44e4a4f7b0f79995ced9d0a0b52a9cd6","673.771765248",""
"148","2025-10-01 07:40","0xaeaa540084d59bb9ce444ebbc345a61c44e4a4f7b0f79995ced9d0a0b52a9cd6","672.729933823",""
"149","2025-10-02 07:40","0xaeaa540084d59bb9ce444ebbc345a61c44e4a4f7b0f79995ced9d0a0b52a9cd6","684.953957624",""
"150","2025-10-03 07:40","0xaeaa540084d59bb9ce444ebbc345a61c44e4a4f7b0f79995ced9d0a0b52a9cd6","674.017454609",""
"125","2025-09-08 07:39","0xb218bc8b012ca8d226fb79d6d36b480077c8bf3debbf88687210074ba2564d00","896.513867073",""
"126","2025-09-09 07:39","0xb218bc8b012ca8d226fb79d6d36b480077c8bf3debbf88687210074ba2564d00","897.098598863",""
"127","2025-09-10 07:39","0xb218bc8b012ca8d226fb79d6d36b480077c8bf3debbf88687210074ba2564d00","900.216157362",""
"128","2025-09-11 07:39","0xb218bc8b012ca8d226fb79d6d36b480077c8bf3debbf88687210074ba2564d00","894.562411855",""
"129","2025-09-12 07:39","0xb218bc8b012ca8d226fb79d6d36b480077c8bf3debbf88687210074ba2564d00","908.388972002",""
"130","2025-09-13 07:39","0xb218bc8b012ca8d226fb79d6d36b480077c8bf3debbf88687210074ba2564d00","910.497427886",""
"131","2025-09-14 07:39","0xb218bc8b012ca8d226fb79d6d36b480077c8bf3debbf88687210074ba2564d00","908.636166475",""
"132","2025-09-15 07:39","0xb218bc8b012ca8d226fb79d6d36b480077c8bf3debbf88687210074ba2564d00","916.741592082",""
"133","2025-09-16 07:39","0xb218bc8b012ca8d226fb79d6d36b480077c8bf3debbf88687210074ba2564d00","910.279827002",""
"134","2025-09-17 07:39","0xb218bc8b012ca8d226fb79d6d36b480077c8bf3debbf88687210074ba2564d00","907.442319327",""
"135","2025-09-18 07:39","0xb218bc8b012ca8d226fb79d6d36b480077c8bf3debbf88687210074ba2564d00","906.191429298",""
"136","2025-09-19 07:39","0xb218bc8b012ca8d226fb79d6d36b480077c8bf3debbf88687210074ba2564d00","905.273028561",""
"137","2025-09-20 07:39","0xb218bc8b012ca8d226fb79d6d36b480077c8bf3debbf88687210074ba2564d00","895.838040195",""
"138","2025-09-21 07:39","0xb218bc8b012ca8d226fb79d6d36b480077c8bf3debbf88687210074ba2564d00","894.442080116",""
"139","2025-09-22 07:39","0xb218bc8b012ca8d226fb79d6d36b480077c8bf3debbf88687210074ba2564d00","895.280588336",""
"140","2025-09-23 07:39","0xb218bc8b012ca8d226fb79d6d36b480077c8bf3debbf88687210074ba2564d00","895.042241783",""
"141","2025-09-24 07:39","0xb218bc8b012ca8d226fb79d6d36b480077c8bf3debbf88687210074ba2564d00","894.486510657",""
"142","2025-09-25 07:39","0xb218bc8b012ca8d226fb79d6d36b480077c8bf3debbf88687210074ba2564d00","894.813208555",""
"143","2025-09-26 07:39","0xb218bc8b012ca8d226fb79d6d36b480077c8bf3debbf88687210074ba2564d00","893.816344537",""
"144","2025-09-27 07:40","0xb218bc8b012ca8d226fb79d6d36b480077c8bf3debbf88687210074ba2564d00","893.577192782",""
"145","2025-09-28 07:40","0xb218bc8b012ca8d226fb79d6d36b480077c8bf3debbf88687210074ba2564d00","893.550798107",""
"146","2025-09-29 07:40","0xb218bc8b012ca8d226fb79d6d36b480077c8bf3debbf88687210074ba2564d00","893.341456301",""
"147","2025-09-30 07:40","0xb218bc8b012ca8d226fb79d6d36b480077c8bf3debbf88687210074ba2564d00","895.829023466",""
"148","2025-10-01 07:40","0xb218bc8b012ca8d226fb79d6d36b480077c8bf3debbf88687210074ba2564d00","894.443832104",""
"149","2025-10-02 07:40","0xb218bc8b012ca8d226fb79d6d36b480077c8bf3debbf88687210074ba2564d00","910.696569114",""
"150","2025-10-03 07:40","0xb218bc8b012ca8d226fb79d6d36b480077c8bf3debbf88687210074ba2564d00","896.155685506",""
"125","2025-09-08 07:39","0xb29ca2f3598d3c366c90499c14d66be0816ff9695f213e95dd222f9f8951dc55","896.513867073",""
"126","2025-09-09 07:39","0xb29ca2f3598d3c366c90499c14d66be0816ff9695f213e95dd222f9f8951dc55","897.098598863",""
"127","2025-09-10 07:39","0xb29ca2f3598d3c366c90499c14d66be0816ff9695f213e95dd222f9f8951dc55","900.216157362",""
"128","2025-09-11 07:39","0xb29ca2f3598d3c366c90499c14d66be0816ff9695f213e95dd222f9f8951dc55","894.562411855",""
"129","2025-09-12 07:39","0xb29ca2f3598d3c366c90499c14d66be0816ff9695f213e95dd222f9f8951dc55","908.388972002",""
"130","2025-09-13 07:39","0xb29ca2f3598d3c366c90499c14d66be0816ff9695f213e95dd222f9f8951dc55","910.497427886",""
"131","2025-09-14 07:39","0xb29ca2f3598d3c366c90499c14d66be0816ff9695f213e95dd222f9f8951dc55","908.636166475",""
"132","2025-09-15 07:39","0xb29ca2f3598d3c366c90499c14d66be0816ff9695f213e95dd222f9f8951dc55","916.741592082",""
"133","2025-09-16 07:39","0xb29ca2f3598d3c366c90499c14d66be0816ff9695f213e95dd222f9f8951dc55","910.279827002",""
"134","2025-09-17 07:39","0xb29ca2f3598d3c366c90499c14d66be0816ff9695f213e95dd222f9f8951dc55","907.442319327",""
"135","2025-09-18 07:39","0xb29ca2f3598d3c366c90499c14d66be0816ff9695f213e95dd222f9f8951dc55","906.191429298",""
"136","2025-09-19 07:39","0xb29ca2f3598d3c366c90499c14d66be0816ff9695f213e95dd222f9f8951dc55","905.273028561",""
"137","2025-09-20 07:39","0xb29ca2f3598d3c366c90499c14d66be0816ff9695f213e95dd222f9f8951dc55","895.838040195",""
"138","2025-09-21 07:39","0xb29ca2f3598d3c366c90499c14d66be0816ff9695f213e95dd222f9f8951dc55","894.442080116",""
"139","2025-09-22 07:39","0xb29ca2f3598d3c366c90499c14d66be0816ff9695f213e95dd222f9f8951dc55","895.280588336",""
"140","2025-09-23 07:39","0xb29ca2f3598d3c366c90499c14d66be0816ff9695f213e95dd222f9f8951dc55","895.042241783",""
"141","2025-09-24 07:39","0xb29ca2f3598d3c366c90499c14d66be0816ff9695f213e95dd222f9f8951dc55","894.486510657",""
"142","2025-09-25 07:39","0xb29ca2f3598d3c366c90499c14d66be0816ff9695f213e95dd222f9f8951dc55","894.813208555",""
"143","2025-09-26 07:39","0xb29ca2f3598d3c366c90499c14d66be0816ff9695f213e95dd222f9f8951dc55","893.816344537",""
"144","2025-09-27 07:40","0xb29ca2f3598d3c366c90499c14d66be0816ff9695f213e95dd222f9f8951dc55","893.577192782",""
"145","2025-09-28 07:40","0xb29ca2f3598d3c366c90499c14d66be0816ff9695f213e95dd222f9f8951dc55","893.550798107",""
"146","2025-09-29 07:40","0xb29ca2f3598d3c366c90499c14d66be0816ff9695f213e95dd222f9f8951dc55","893.341456301",""
"147","2025-09-30 07:40","0xb29ca2f3598d3c366c90499c14d66be0816ff9695f213e95dd222f9f8951dc55","895.829023466",""
"148","2025-10-01 07:40","0xb29ca2f3598d3c366c90499c14d66be0816ff9695f213e95dd222f9f8951dc55","894.443832104",""
"149","2025-10-02 07:40","0xb29ca2f3598d3c366c90499c14d66be0816ff9695f213e95dd222f9f8951dc55","910.696569114",""
"150","2025-10-03 07:40","0xb29ca2f3598d3c366c90499c14d66be0816ff9695f213e95dd222f9f8951dc55","896.155685506",""
"125","2025-09-08 07:39","0xb4c74dccaae70ec0df83510b07492e9d7f39f8e1b81c347bf4a1c4fca840797c","896.513867073",""
"126","2025-09-09 07:39","0xb4c74dccaae70ec0df83510b07492e9d7f39f8e1b81c347bf4a1c4fca840797c","897.098598863",""
"127","2025-09-10 07:39","0xb4c74dccaae70ec0df83510b07492e9d7f39f8e1b81c347bf4a1c4fca840797c","900.216157362",""
"128","2025-09-11 07:39","0xb4c74dccaae70ec0df83510b07492e9d7f39f8e1b81c347bf4a1c4fca840797c","894.562411855",""
"129","2025-09-12 07:39","0xb4c74dccaae70ec0df83510b07492e9d7f39f8e1b81c347bf4a1c4fca840797c","908.388972002",""
"130","2025-09-13 07:39","0xb4c74dccaae70ec0df83510b07492e9d7f39f8e1b81c347bf4a1c4fca840797c","910.497427886",""
"131","2025-09-14 07:39","0xb4c74dccaae70ec0df83510b07492e9d7f39f8e1b81c347bf4a1c4fca840797c","908.636166475",""
"132","2025-09-15 07:39","0xb4c74dccaae70ec0df83510b07492e9d7f39f8e1b81c347bf4a1c4fca840797c","916.741592082",""
"133","2025-09-16 07:39","0xb4c74dccaae70ec0df83510b07492e9d7f39f8e1b81c347bf4a1c4fca840797c","910.279827002",""
"134","2025-09-17 07:39","0xb4c74dccaae70ec0df83510b07492e9d7f39f8e1b81c347bf4a1c4fca840797c","907.442319327",""
"135","2025-09-18 07:39","0xb4c74dccaae70ec0df83510b07492e9d7f39f8e1b81c347bf4a1c4fca840797c","906.191429298",""
"136","2025-09-19 07:39","0xb4c74dccaae70ec0df83510b07492e9d7f39f8e1b81c347bf4a1c4fca840797c","905.273028561",""
"137","2025-09-20 07:39","0xb4c74dccaae70ec0df83510b07492e9d7f39f8e1b81c347bf4a1c4fca840797c","895.838040195",""
"138","2025-09-21 07:39","0xb4c74dccaae70ec0df83510b07492e9d7f39f8e1b81c347bf4a1c4fca840797c","894.442080116",""
"139","2025-09-22 07:39","0xb4c74dccaae70ec0df83510b07492e9d7f39f8e1b81c347bf4a1c4fca840797c","895.280588336",""
"140","2025-09-23 07:39","0xb4c74dccaae70ec0df83510b07492e9d7f39f8e1b81c347bf4a1c4fca840797c","895.042241783",""
"141","2025-09-24 07:39","0xb4c74dccaae70ec0df83510b07492e9d7f39f8e1b81c347bf4a1c4fca840797c","894.486510657",""
"142","2025-09-25 07:39","0xb4c74dccaae70ec0df83510b07492e9d7f39f8e1b81c347bf4a1c4fca840797c","894.813208555",""
"143","2025-09-26 07:39","0xb4c74dccaae70ec0df83510b07492e9d7f39f8e1b81c347bf4a1c4fca840797c","893.816344537",""
"144","2025-09-27 07:40","0xb4c74dccaae70ec0df83510b07492e9d7f39f8e1b81c347bf4a1c4fca840797c","893.577192782",""
"145","2025-09-28 07:40","0xb4c74dccaae70ec0df83510b07492e9d7f39f8e1b81c347bf4a1c4fca840797c","893.550798107",""
"146","2025-09-29 07:40","0xb4c74dccaae70ec0df83510b07492e9d7f39f8e1b81c347bf4a1c4fca840797c","893.341456301",""
"147","2025-09-30 07:40","0xb4c74dccaae70ec0df83510b07492e9d7f39f8e1b81c347bf4a1c4fca840797c","895.829023466",""
"148","2025-10-01 07:40","0xb4c74dccaae70ec0df83510b07492e9d7f39f8e1b81c347bf4a1c4fca840797c","894.443832104",""
"149","2025-10-02 07:40","0xb4c74dccaae70ec0df83510b07492e9d7f39f8e1b81c347bf4a1c4fca840797c","910.696569114",""
"150","2025-10-03 07:40","0xb4c74dccaae70ec0df83510b07492e9d7f39f8e1b81c347bf4a1c4fca840797c","896.155685506",""
"125","2025-09-08 07:39","0xb793756ed35396d4cd4e973f680e6f109573030a2d3dff97c2e0591aaf03a6b0","896.513867073",""
"126","2025-09-09 07:39","0xb793756ed35396d4cd4e973f680e6f109573030a2d3dff97c2e0591aaf03a6b0","897.098598863",""
"127","2025-09-10 07:39","0xb793756ed35396d4cd4e973f680e6f109573030a2d3dff97c2e0591aaf03a6b0","900.216157362",""
"128","2025-09-11 07:39","0xb793756ed35396d4cd4e973f680e6f109573030a2d3dff97c2e0591aaf03a6b0","894.562411855",""
"129","2025-09-12 07:39","0xb793756ed35396d4cd4e973f680e6f109573030a2d3dff97c2e0591aaf03a6b0","908.388972002",""
"130","2025-09-13 07:39","0xb793756ed35396d4cd4e973f680e6f109573030a2d3dff97c2e0591aaf03a6b0","910.497427886",""
"131","2025-09-14 07:39","0xb793756ed35396d4cd4e973f680e6f109573030a2d3dff97c2e0591aaf03a6b0","908.636166475",""
"132","2025-09-15 07:39","0xb793756ed35396d4cd4e973f680e6f109573030a2d3dff97c2e0591aaf03a6b0","916.741592082",""
"133","2025-09-16 07:39","0xb793756ed35396d4cd4e973f680e6f109573030a2d3dff97c2e0591aaf03a6b0","910.279827002",""
"134","2025-09-17 07:39","0xb793756ed35396d4cd4e973f680e6f109573030a2d3dff97c2e0591aaf03a6b0","907.442319327",""
"135","2025-09-18 07:39","0xb793756ed35396d4cd4e973f680e6f109573030a2d3dff97c2e0591aaf03a6b0","906.191429298",""
"136","2025-09-19 07:39","0xb793756ed35396d4cd4e973f680e6f109573030a2d3dff97c2e0591aaf03a6b0","905.273028561",""
"137","2025-09-20 07:39","0xb793756ed35396d4cd4e973f680e6f109573030a2d3dff97c2e0591aaf03a6b0","895.838040195",""
"138","2025-09-21 07:39","0xb793756ed35396d4cd4e973f680e6f109573030a2d3dff97c2e0591aaf03a6b0","894.442080116",""
"139","2025-09-22 07:39","0xb793756ed35396d4cd4e973f680e6f109573030a2d3dff97c2e0591aaf03a6b0","895.280588336",""
"140","2025-09-23 07:39","0xb793756ed35396d4cd4e973f680e6f109573030a2d3dff97c2e0591aaf03a6b0","895.042241783",""
"141","2025-09-24 07:39","0xb793756ed35396d4cd4e973f680e6f109573030a2d3dff97c2e0591aaf03a6b0","894.486510657",""
"142","2025-09-25 07:39","0xb793756ed35396d4cd4e973f680e6f109573030a2d3dff97c2e0591aaf03a6b0","894.813208555",""
"143","2025-09-26 07:39","0xb793756ed35396d4cd4e973f680e6f109573030a2d3dff97c2e0591aaf03a6b0","893.816344537",""
"144","2025-09-27 07:40","0xb793756ed35396d4cd4e973f680e6f109573030a2d3dff97c2e0591aaf03a6b0","893.577192782",""
"145","2025-09-28 07:40","0xb793756ed35396d4cd4e973f680e6f109573030a2d3dff97c2e0591aaf03a6b0","893.550798107",""
"146","2025-09-29 07:40","0xb793756ed35396d4cd4e973f680e6f109573030a2d3dff97c2e0591aaf03a6b0","893.341456301",""
"147","2025-09-30 07:40","0xb793756ed35396d4cd4e973f680e6f109573030a2d3dff97c2e0591aaf03a6b0","895.829023466",""
"148","2025-10-01 07:40","0xb793756ed35396d4cd4e973f680e6f109573030a2d3dff97c2e0591aaf03a6b0","894.443832104",""
"149","2025-10-02 07:40","0xb793756ed35396d4cd4e973f680e6f109573030a2d3dff97c2e0591aaf03a6b0","910.696569114",""
"150","2025-10-03 07:40","0xb793756ed35396d4cd4e973f680e6f109573030a2d3dff97c2e0591aaf03a6b0","896.155685506",""
"125","2025-09-08 07:39","0xc825e2bde7b470ddfa600f07611aab2226a1bc43ae4c33229a4f714d87d0a352","896.513867073",""
"126","2025-09-09 07:39","0xc825e2bde7b470ddfa600f07611aab2226a1bc43ae4c33229a4f714d87d0a352","897.098598863",""
"127","2025-09-10 07:39","0xc825e2bde7b470ddfa600f07611aab2226a1bc43ae4c33229a4f714d87d0a352","900.216157362",""
"128","2025-09-11 07:39","0xc825e2bde7b470ddfa600f07611aab2226a1bc43ae4c33229a4f714d87d0a352","894.562411855",""
"129","2025-09-12 07:39","0xc825e2bde7b470ddfa600f07611aab2226a1bc43ae4c33229a4f714d87d0a352","908.388972002",""
"130","2025-09-13 07:39","0xc825e2bde7b470ddfa600f07611aab2226a1bc43ae4c33229a4f714d87d0a352","910.497427886",""
"131","2025-09-14 07:39","0xc825e2bde7b470ddfa600f07611aab2226a1bc43ae4c33229a4f714d87d0a352","908.636166475",""
"132","2025-09-15 07:39","0xc825e2bde7b470ddfa600f07611aab2226a1bc43ae4c33229a4f714d87d0a352","916.741592082",""
"133","2025-09-16 07:39","0xc825e2bde7b470ddfa600f07611aab2226a1bc43ae4c33229a4f714d87d0a352","910.279827002",""
"134","2025-09-17 07:39","0xc825e2bde7b470ddfa600f07611aab2226a1bc43ae4c33229a4f714d87d0a352","907.442319327",""
"135","2025-09-18 07:39","0xc825e2bde7b470ddfa600f07611aab2226a1bc43ae4c33229a4f714d87d0a352","906.191429298",""
"136","2025-09-19 07:39","0xc825e2bde7b470ddfa600f07611aab2226a1bc43ae4c33229a4f714d87d0a352","905.273028561",""
"137","2025-09-20 07:39","0xc825e2bde7b470ddfa600f07611aab2226a1bc43ae4c33229a4f714d87d0a352","895.838040195",""
"138","2025-09-21 07:39","0xc825e2bde7b470ddfa600f07611aab2226a1bc43ae4c33229a4f714d87d0a352","894.442080116",""
"139","2025-09-22 07:39","0xc825e2bde7b470ddfa600f07611aab2226a1bc43ae4c33229a4f714d87d0a352","895.280588336",""
"140","2025-09-23 07:39","0xc825e2bde7b470ddfa600f07611aab2226a1bc43ae4c33229a4f714d87d0a352","895.042241783",""
"141","2025-09-24 07:39","0xc825e2bde7b470ddfa600f07611aab2226a1bc43ae4c33229a4f714d87d0a352","894.486510657",""
"142","2025-09-25 07:39","0xc825e2bde7b470ddfa600f07611aab2226a1bc43ae4c33229a4f714d87d0a352","894.813208555",""
"143","2025-09-26 07:39","0xc825e2bde7b470ddfa600f07611aab2226a1bc43ae4c33229a4f714d87d0a352","893.816344537",""
"144","2025-09-27 07:40","0xc825e2bde7b470ddfa600f07611aab2226a1bc43ae4c33229a4f714d87d0a352","893.577192782",""
"145","2025-09-28 07:40","0xc825e2bde7b470ddfa600f07611aab2226a1bc43ae4c33229a4f714d87d0a352","893.550798107",""
"146","2025-09-29 07:40","0xc825e2bde7b470ddfa600f07611aab2226a1bc43ae4c33229a4f714d87d0a352","893.341456301",""
"147","2025-09-30 07:40","0xc825e2bde7b470ddfa600f07611aab2226a1bc43ae4c33229a4f714d87d0a352","895.829023466",""
"148","2025-10-01 07:40","0xc825e2bde7b470ddfa600f07611aab2226a1bc43ae4c33229a4f714d87d0a352","894.443832104",""
"149","2025-10-02 07:40","0xc825e2bde7b470ddfa600f07611aab2226a1bc43ae4c33229a4f714d87d0a352","910.696569114",""
"150","2025-10-03 07:40","0xc825e2bde7b470ddfa600f07611aab2226a1bc43ae4c33229a4f714d87d0a352","896.155685506",""
"125","2025-09-08 07:39","0xba28c19404d7178d759bab9557155ea0bd6aad154cf37c8420460b7763edb070","907.035470841",""
"126","2025-09-09 07:39","0xba28c19404d7178d759bab9557155ea0bd6aad154cf37c8420460b7763edb070","908.574812585",""
"127","2025-09-10 07:39","0xba28c19404d7178d759bab9557155ea0bd6aad154cf37c8420460b7763edb070","908.561810947",""
"128","2025-09-11 07:39","0xba28c19404d7178d759bab9557155ea0bd6aad154cf37c8420460b7763edb070","908.522997749",""
"129","2025-09-12 07:39","0xba28c19404d7178d759bab9557155ea0bd6aad154cf37c8420460b7763edb070","922.257170827",""
"130","2025-09-13 07:39","0xba28c19404d7178d759bab9557155ea0bd6aad154cf37c8420460b7763edb070","922.225116868",""
"131","2025-09-14 07:39","0xba28c19404d7178d759bab9557155ea0bd6aad154cf37c8420460b7763edb070","921.915628488",""
"132","2025-09-15 07:39","0xba28c19404d7178d759bab9557155ea0bd6aad154cf37c8420460b7763edb070","921.883618324",""
"133","2025-09-16 07:39","0xba28c19404d7178d759bab9557155ea0bd6aad154cf37c8420460b7763edb070","921.851620957",""
"134","2025-09-17 07:39","0xba28c19404d7178d759bab9557155ea0bd6aad154cf37c8420460b7763edb070","921.819635706",""
"135","2025-09-18 07:39","0xba28c19404d7178d759bab9557155ea0bd6aad154cf37c8420460b7763edb070","921.795456588",""
"136","2025-09-19 07:39","0xba28c19404d7178d759bab9557155ea0bd6aad154cf37c8420460b7763edb070","914.884664011",""
"137","2025-09-20 07:39","0xba28c19404d7178d759bab9557155ea0bd6aad154cf37c8420460b7763edb070","901.095999126",""
"138","2025-09-21 07:39","0xba28c19404d7178d759bab9557155ea0bd6aad154cf37c8420460b7763edb070","907.943837375",""
"139","2025-09-22 07:39","0xba28c19404d7178d759bab9557155ea0bd6aad154cf37c8420460b7763edb070","907.919799080",""
"140","2025-09-23 07:39","0xba28c19404d7178d759bab9557155ea0bd6aad154cf37c8420460b7763edb070","907.888831885",""
"141","2025-09-24 07:39","0xba28c19404d7178d759bab9557155ea0bd6aad154cf37c8420460b7763edb070","907.857873961",""
"142","2025-09-25 07:39","0xba28c19404d7178d759bab9557155ea0bd6aad154cf37c8420460b7763edb070","907.826928852",""
"143","2025-09-26 07:39","0xba28c19404d7178d759bab9557155ea0bd6aad154cf37c8420460b7763edb070","907.795995423",""
"144","2025-09-27 07:40","0xba28c19404d7178d759bab9557155ea0bd6aad154cf37c8420460b7763edb070","907.765073385",""
"145","2025-09-28 07:40","0xba28c19404d7178d759bab9557155ea0bd6aad154cf37c8420460b7763edb070","907.734163071",""
"146","2025-09-29 07:40","0xba28c19404d7178d759bab9557155ea0bd6aad154cf37c8420460b7763edb070","907.703264271",""
"147","2025-09-30 07:40","0xba28c19404d7178d759bab9557155ea0bd6aad154cf37c8420460b7763edb070","907.672392220",""
"148","2025-10-01 07:40","0xba28c19404d7178d759bab9557155ea0bd6aad154cf37c8420460b7763edb070","900.765503742",""
"149","2025-10-02 07:40","0xba28c19404d7178d759bab9557155ea0bd6aad154cf37c8420460b7763edb070","910.167279585",""
"150","2025-10-03 07:40","0xba28c19404d7178d759bab9557155ea0bd6aad154cf37c8420460b7763edb070","910.136197786",""
"125","2025-09-08 07:39","0x39d565cd7be21454e8ad7c2af653b461a6fadf8863f82ba2bae97bff4c5b2ba1","912.198969079",""
"126","2025-09-09 07:39","0x39d565cd7be21454e8ad7c2af653b461a6fadf8863f82ba2bae97bff4c5b2ba1","912.178158472",""
"127","2025-09-10 07:39","0x39d565cd7be21454e8ad7c2af653b461a6fadf8863f82ba2bae97bff4c5b2ba1","912.238491631",""
"128","2025-09-11 07:39","0x39d565cd7be21454e8ad7c2af653b461a6fadf8863f82ba2bae97bff4c5b2ba1","912.395245612",""
"129","2025-09-12 07:39","0x39d565cd7be21454e8ad7c2af653b461a6fadf8863f82ba2bae97bff4c5b2ba1","919.904060255",""
"130","2025-09-13 07:39","0x39d565cd7be21454e8ad7c2af653b461a6fadf8863f82ba2bae97bff4c5b2ba1","920.512054274",""
"131","2025-09-14 07:39","0x39d565cd7be21454e8ad7c2af653b461a6fadf8863f82ba2bae97bff4c5b2ba1","920.571015723",""
"132","2025-09-15 07:39","0x39d565cd7be21454e8ad7c2af653b461a6fadf8863f82ba2bae97bff4c5b2ba1","920.567493407",""
"133","2025-09-16 07:39","0x39d565cd7be21454e8ad7c2af653b461a6fadf8863f82ba2bae97bff4c5b2ba1","925.258250830",""
"134","2025-09-17 07:39","0x39d565cd7be21454e8ad7c2af653b461a6fadf8863f82ba2bae97bff4c5b2ba1","917.625132373",""
"135","2025-09-18 07:39","0x39d565cd7be21454e8ad7c2af653b461a6fadf8863f82ba2bae97bff4c5b2ba1","917.593448811",""
"136","2025-09-19 07:39","0x39d565cd7be21454e8ad7c2af653b461a6fadf8863f82ba2bae97bff4c5b2ba1","917.561778222",""
"137","2025-09-20 07:39","0x39d565cd7be21454e8ad7c2af653b461a6fadf8863f82ba2bae97bff4c5b2ba1","902.364331846",""
"138","2025-09-21 07:39","0x39d565cd7be21454e8ad7c2af653b461a6fadf8863f82ba2bae97bff4c5b2ba1","909.916357291",""
"139","2025-09-22 07:39","0x39d565cd7be21454e8ad7c2af653b461a6fadf8863f82ba2bae97bff4c5b2ba1","909.885242332",""
"140","2025-09-23 07:39","0x39d565cd7be21454e8ad7c2af653b461a6fadf8863f82ba2bae97bff4c5b2ba1","910.231536411",""
"141","2025-09-24 07:39","0x39d565cd7be21454e8ad7c2af653b461a6fadf8863f82ba2bae97bff4c5b2ba1","910.200417850",""
"142","2025-09-25 07:39","0x39d565cd7be21454e8ad7c2af653b461a6fadf8863f82ba2bae97bff4c5b2ba1","910.169312198",""
"143","2025-09-26 07:39","0x39d565cd7be21454e8ad7c2af653b461a6fadf8863f82ba2bae97bff4c5b2ba1","910.138218319",""
"144","2025-09-27 07:40","0x39d565cd7be21454e8ad7c2af653b461a6fadf8863f82ba2bae97bff4c5b2ba1","910.425745617",""
"145","2025-09-28 07:40","0x39d565cd7be21454e8ad7c2af653b461a6fadf8863f82ba2bae97bff4c5b2ba1","910.394653278",""
"146","2025-09-29 07:40","0x39d565cd7be21454e8ad7c2af653b461a6fadf8863f82ba2bae97bff4c5b2ba1","910.363572554",""
"147","2025-09-30 07:40","0x39d565cd7be21454e8ad7c2af653b461a6fadf8863f82ba2bae97bff4c5b2ba1","910.549031414",""
"148","2025-10-01 07:40","0x39d565cd7be21454e8ad7c2af653b461a6fadf8863f82ba2bae97bff4c5b2ba1","903.106971725",""
"149","2025-10-02 07:40","0x39d565cd7be21454e8ad7c2af653b461a6fadf8863f82ba2bae97bff4c5b2ba1","905.808394098",""
"150","2025-10-03 07:40","0x39d565cd7be21454e8ad7c2af653b461a6fadf8863f82ba2bae97bff4c5b2ba1","913.171070316",""
"125","2025-09-08 07:39","0xdc4c6cea62686fd81c356db3d6ea6b26c26b92d06bc1f04fac8ae7a573eff782","905.979801857",""
"126","2025-09-09 07:39","0xdc4c6cea62686fd81c356db3d6ea6b26c26b92d06bc1f04fac8ae7a573eff782","907.517352012",""
"127","2025-09-10 07:39","0xdc4c6cea62686fd81c356db3d6ea6b26c26b92d06bc1f04fac8ae7a573eff782","907.504365505",""
"128","2025-09-11 07:39","0xdc4c6cea62686fd81c356db3d6ea6b26c26b92d06bc1f04fac8ae7a573eff782","907.465597482",""
"129","2025-09-12 07:39","0xdc4c6cea62686fd81c356db3d6ea6b26c26b92d06bc1f04fac8ae7a573eff782","921.183785802",""
"130","2025-09-13 07:39","0xdc4c6cea62686fd81c356db3d6ea6b26c26b92d06bc1f04fac8ae7a573eff782","921.151769151",""
"131","2025-09-14 07:39","0xdc4c6cea62686fd81c356db3d6ea6b26c26b92d06bc1f04fac8ae7a573eff782","920.842640975",""
"132","2025-09-15 07:39","0xdc4c6cea62686fd81c356db3d6ea6b26c26b92d06bc1f04fac8ae7a573eff782","920.810668066",""
"133","2025-09-16 07:39","0xdc4c6cea62686fd81c356db3d6ea6b26c26b92d06bc1f04fac8ae7a573eff782","920.778707939",""
"134","2025-09-17 07:39","0xdc4c6cea62686fd81c356db3d6ea6b26c26b92d06bc1f04fac8ae7a573eff782","920.746759916",""
"135","2025-09-18 07:39","0xdc4c6cea62686fd81c356db3d6ea6b26c26b92d06bc1f04fac8ae7a573eff782","920.722608938",""
"136","2025-09-19 07:39","0xdc4c6cea62686fd81c356db3d6ea6b26c26b92d06bc1f04fac8ae7a573eff782","913.819859608",""
"137","2025-09-20 07:39","0xdc4c6cea62686fd81c356db3d6ea6b26c26b92d06bc1f04fac8ae7a573eff782","900.047242899",""
"138","2025-09-21 07:39","0xdc4c6cea62686fd81c356db3d6ea6b26c26b92d06bc1f04fac8ae7a573eff782","906.887111173",""
"139","2025-09-22 07:39","0xdc4c6cea62686fd81c356db3d6ea6b26c26b92d06bc1f04fac8ae7a573eff782","906.863100856",""
"140","2025-09-23 07:39","0xdc4c6cea62686fd81c356db3d6ea6b26c26b92d06bc1f04fac8ae7a573eff782","906.832169702",""
"141","2025-09-24 07:39","0xdc4c6cea62686fd81c356db3d6ea6b26c26b92d06bc1f04fac8ae7a573eff782","906.801247809",""
"142","2025-09-25 07:39","0xdc4c6cea62686fd81c356db3d6ea6b26c26b92d06bc1f04fac8ae7a573eff782","906.770338715",""
"143","2025-09-26 07:39","0xdc4c6cea62686fd81c356db3d6ea6b26c26b92d06bc1f04fac8ae7a573eff782","906.739441291",""
"144","2025-09-27 07:40","0xdc4c6cea62686fd81c356db3d6ea6b26c26b92d06bc1f04fac8ae7a573eff782","906.708555240",""
"145","2025-09-28 07:40","0xdc4c6cea62686fd81c356db3d6ea6b26c26b92d06bc1f04fac8ae7a573eff782","906.677680902",""
"146","2025-09-29 07:40","0xdc4c6cea62686fd81c356db3d6ea6b26c26b92d06bc1f04fac8ae7a573eff782","906.646818064",""
"147","2025-09-30 07:40","0xdc4c6cea62686fd81c356db3d6ea6b26c26b92d06bc1f04fac8ae7a573eff782","906.615981944",""
"148","2025-10-01 07:40","0xdc4c6cea62686fd81c356db3d6ea6b26c26b92d06bc1f04fac8ae7a573eff782","899.717132169",""
"149","2025-10-02 07:40","0xdc4c6cea62686fd81c356db3d6ea6b26c26b92d06bc1f04fac8ae7a573eff782","909.107965590",""
"150","2025-10-03 07:40","0xdc4c6cea62686fd81c356db3d6ea6b26c26b92d06bc1f04fac8ae7a573eff782","909.076919968",""
"125","2025-09-08 07:39","0x0c5ebce73faf1d6e482012b48c94de8e4af2884cb3d35bdcff2a6f7f15e217ad","905.979801857",""
"126","2025-09-09 07:39","0x0c5ebce73faf1d6e482012b48c94de8e4af2884cb3d35bdcff2a6f7f15e217ad","907.517352012",""
"127","2025-09-10 07:39","0x0c5ebce73faf1d6e482012b48c94de8e4af2884cb3d35bdcff2a6f7f15e217ad","907.504365505",""
"128","2025-09-11 07:39","0x0c5ebce73faf1d6e482012b48c94de8e4af2884cb3d35bdcff2a6f7f15e217ad","907.465597482",""
"129","2025-09-12 07:39","0x0c5ebce73faf1d6e482012b48c94de8e4af2884cb3d35bdcff2a6f7f15e217ad","921.183785802",""
"130","2025-09-13 07:39","0x0c5ebce73faf1d6e482012b48c94de8e4af2884cb3d35bdcff2a6f7f15e217ad","921.151769151",""
"131","2025-09-14 07:39","0x0c5ebce73faf1d6e482012b48c94de8e4af2884cb3d35bdcff2a6f7f15e217ad","920.842640975",""
"132","2025-09-15 07:39","0x0c5ebce73faf1d6e482012b48c94de8e4af2884cb3d35bdcff2a6f7f15e217ad","920.810668066",""
"133","2025-09-16 07:39","0x0c5ebce73faf1d6e482012b48c94de8e4af2884cb3d35bdcff2a6f7f15e217ad","920.778707939",""
"134","2025-09-17 07:39","0x0c5ebce73faf1d6e482012b48c94de8e4af2884cb3d35bdcff2a6f7f15e217ad","920.746759916",""
"135","2025-09-18 07:39","0x0c5ebce73faf1d6e482012b48c94de8e4af2884cb3d35bdcff2a6f7f15e217ad","920.722608938",""
"136","2025-09-19 07:39","0x0c5ebce73faf1d6e482012b48c94de8e4af2884cb3d35bdcff2a6f7f15e217ad","913.819859608",""
"137","2025-09-20 07:39","0x0c5ebce73faf1d6e482012b48c94de8e4af2884cb3d35bdcff2a6f7f15e217ad","900.047242899",""
"138","2025-09-21 07:39","0x0c5ebce73faf1d6e482012b48c94de8e4af2884cb3d35bdcff2a6f7f15e217ad","906.887111173",""
"139","2025-09-22 07:39","0x0c5ebce73faf1d6e482012b48c94de8e4af2884cb3d35bdcff2a6f7f15e217ad","906.863100856",""
"140","2025-09-23 07:39","0x0c5ebce73faf1d6e482012b48c94de8e4af2884cb3d35bdcff2a6f7f15e217ad","906.832169702",""
"141","2025-09-24 07:39","0x0c5ebce73faf1d6e482012b48c94de8e4af2884cb3d35bdcff2a6f7f15e217ad","906.801247809",""
"142","2025-09-25 07:39","0x0c5ebce73faf1d6e482012b48c94de8e4af2884cb3d35bdcff2a6f7f15e217ad","906.770338715",""
"143","2025-09-26 07:39","0x0c5ebce73faf1d6e482012b48c94de8e4af2884cb3d35bdcff2a6f7f15e217ad","906.739441291",""
"144","2025-09-27 07:40","0x0c5ebce73faf1d6e482012b48c94de8e4af2884cb3d35bdcff2a6f7f15e217ad","906.708555240",""
"145","2025-09-28 07:40","0x0c5ebce73faf1d6e482012b48c94de8e4af2884cb3d35bdcff2a6f7f15e217ad","906.677680902",""
"146","2025-09-29 07:40","0x0c5ebce73faf1d6e482012b48c94de8e4af2884cb3d35bdcff2a6f7f15e217ad","906.646818064",""
"147","2025-09-30 07:40","0x0c5ebce73faf1d6e482012b48c94de8e4af2884cb3d35bdcff2a6f7f15e217ad","906.615981944",""
"148","2025-10-01 07:40","0x0c5ebce73faf1d6e482012b48c94de8e4af2884cb3d35bdcff2a6f7f15e217ad","899.717132169",""
"149","2025-10-02 07:40","0x0c5ebce73faf1d6e482012b48c94de8e4af2884cb3d35bdcff2a6f7f15e217ad","909.107965590",""
"150","2025-10-03 07:40","0x0c5ebce73faf1d6e482012b48c94de8e4af2884cb3d35bdcff2a6f7f15e217ad","909.076919968",""
"125","2025-09-08 07:39","0xe7c82927cd65f505b9e1c04cc5ac6baecff8047c1b5b122e980b346a1496246c","1001.623019681",""
"126","2025-09-09 07:39","0xe7c82927cd65f505b9e1c04cc5ac6baecff8047c1b5b122e980b346a1496246c","1005.676875872",""
"127","2025-09-10 07:39","0xe7c82927cd65f505b9e1c04cc5ac6baecff8047c1b5b122e980b346a1496246c","995.885947284",""
"128","2025-09-11 07:39","0xe7c82927cd65f505b9e1c04cc5ac6baecff8047c1b5b122e980b346a1496246c","995.795942294",""
"129","2025-09-12 07:39","0xe7c82927cd65f505b9e1c04cc5ac6baecff8047c1b5b122e980b346a1496246c","1005.559766690",""
"130","2025-09-13 07:39","0xe7c82927cd65f505b9e1c04cc5ac6baecff8047c1b5b122e980b346a1496246c","1005.552784571",""
"131","2025-09-14 07:39","0xe7c82927cd65f505b9e1c04cc5ac6baecff8047c1b5b122e980b346a1496246c","1004.957992133",""
"132","2025-09-15 07:39","0xe7c82927cd65f505b9e1c04cc5ac6baecff8047c1b5b122e980b346a1496246c","1005.051523466",""
"133","2025-09-16 07:39","0xe7c82927cd65f505b9e1c04cc5ac6baecff8047c1b5b122e980b346a1496246c","1005.641383794",""
"134","2025-09-17 07:39","0xe7c82927cd65f505b9e1c04cc5ac6baecff8047c1b5b122e980b346a1496246c","1012.924927146",""
"135","2025-09-18 07:39","0xe7c82927cd65f505b9e1c04cc5ac6baecff8047c1b5b122e980b346a1496246c","1003.625030553",""
"136","2025-09-19 07:39","0xe7c82927cd65f505b9e1c04cc5ac6baecff8047c1b5b122e980b346a1496246c","1003.618090968",""
"137","2025-09-20 07:39","0xe7c82927cd65f505b9e1c04cc5ac6baecff8047c1b5b122e980b346a1496246c","985.017762747",""
"138","2025-09-21 07:39","0xe7c82927cd65f505b9e1c04cc5ac6baecff8047c1b5b122e980b346a1496246c","993.570067817",""
"139","2025-09-22 07:39","0xe7c82927cd65f505b9e1c04cc5ac6baecff8047c1b5b122e980b346a1496246c","993.569507764",""
"140","2025-09-23 07:39","0xe7c82927cd65f505b9e1c04cc5ac6baecff8047c1b5b122e980b346a1496246c","984.277083132",""
"141","2025-09-24 07:39","0xe7c82927cd65f505b9e1c04cc5ac6baecff8047c1b5b122e980b346a1496246c","993.552843249",""
"142","2025-09-25 07:39","0xe7c82927cd65f505b9e1c04cc5ac6baecff8047c1b5b122e980b346a1496246c","984.170041952",""
"143","2025-09-26 07:39","0xe7c82927cd65f505b9e1c04cc5ac6baecff8047c1b5b122e980b346a1496246c","984.163383597",""
"144","2025-09-27 07:40","0xe7c82927cd65f505b9e1c04cc5ac6baecff8047c1b5b122e980b346a1496246c","993.342065176",""
"145","2025-09-28 07:40","0xe7c82927cd65f505b9e1c04cc5ac6baecff8047c1b5b122e980b346a1496246c","985.648752938",""
"146","2025-09-29 07:40","0xe7c82927cd65f505b9e1c04cc5ac6baecff8047c1b5b122e980b346a1496246c","985.173568596",""
"147","2025-09-30 07:40","0xe7c82927cd65f505b9e1c04cc5ac6baecff8047c1b5b122e980b346a1496246c","994.374002731",""
"148","2025-10-01 07:40","0xe7c82927cd65f505b9e1c04cc5ac6baecff8047c1b5b122e980b346a1496246c","994.769615482",""
"149","2025-10-02 07:40","0xe7c82927cd65f505b9e1c04cc5ac6baecff8047c1b5b122e980b346a1496246c","996.304443587",""
"150","2025-10-03 07:40","0xe7c82927cd65f505b9e1c04cc5ac6baecff8047c1b5b122e980b346a1496246c","996.740674205",""
"125","2025-09-08 07:39","0x1947053aa6428f49e45fbc687d7f0d0320ee6930e2d341add3f685fbfc32777d","991.631749700",""
"126","2025-09-09 07:39","0x1947053aa6428f49e45fbc687d7f0d0320ee6930e2d341add3f685fbfc32777d","992.537871395",""
"127","2025-09-10 07:39","0x1947053aa6428f49e45fbc687d7f0d0320ee6930e2d341add3f685fbfc32777d","992.479329527",""
"128","2025-09-11 07:39","0x1947053aa6428f49e45fbc687d7f0d0320ee6930e2d341add3f685fbfc32777d","998.866972292",""
"129","2025-09-12 07:39","0x1947053aa6428f49e45fbc687d7f0d0320ee6930e2d341add3f685fbfc32777d","1006.689643433",""
"130","2025-09-13 07:39","0x1947053aa6428f49e45fbc687d7f0d0320ee6930e2d341add3f685fbfc32777d","1006.770270273",""
"131","2025-09-14 07:39","0x1947053aa6428f49e45fbc687d7f0d0320ee6930e2d341add3f685fbfc32777d","1006.798509046",""
"132","2025-09-15 07:39","0x1947053aa6428f49e45fbc687d7f0d0320ee6930e2d341add3f685fbfc32777d","1008.006033406",""
"133","2025-09-16 07:39","0x1947053aa6428f49e45fbc687d7f0d0320ee6930e2d341add3f685fbfc32777d","1000.557483577",""
"134","2025-09-17 07:39","0x1947053aa6428f49e45fbc687d7f0d0320ee6930e2d341add3f685fbfc32777d","1005.871886982",""
"135","2025-09-18 07:39","0x1947053aa6428f49e45fbc687d7f0d0320ee6930e2d341add3f685fbfc32777d","1005.999396100",""
"136","2025-09-19 07:39","0x1947053aa6428f49e45fbc687d7f0d0320ee6930e2d341add3f685fbfc32777d","998.170436645",""
"137","2025-09-20 07:39","0x1947053aa6428f49e45fbc687d7f0d0320ee6930e2d341add3f685fbfc32777d","982.484370548",""
"138","2025-09-21 07:39","0x1947053aa6428f49e45fbc687d7f0d0320ee6930e2d341add3f685fbfc32777d","990.037008855",""
"139","2025-09-22 07:39","0x1947053aa6428f49e45fbc687d7f0d0320ee6930e2d341add3f685fbfc32777d","990.641455629",""
"140","2025-09-23 07:39","0x1947053aa6428f49e45fbc687d7f0d0320ee6930e2d341add3f685fbfc32777d","991.220048149",""
"141","2025-09-24 07:39","0x1947053aa6428f49e45fbc687d7f0d0320ee6930e2d341add3f685fbfc32777d","990.480242993",""
"142","2025-09-25 07:39","0x1947053aa6428f49e45fbc687d7f0d0320ee6930e2d341add3f685fbfc32777d","990.434852236",""
"143","2025-09-26 07:39","0x1947053aa6428f49e45fbc687d7f0d0320ee6930e2d341add3f685fbfc32777d","991.374428596",""
"144","2025-09-27 07:40","0x1947053aa6428f49e45fbc687d7f0d0320ee6930e2d341add3f685fbfc32777d","991.188002622",""
"145","2025-09-28 07:40","0x1947053aa6428f49e45fbc687d7f0d0320ee6930e2d341add3f685fbfc32777d","994.831179752",""
"146","2025-09-29 07:40","0x1947053aa6428f49e45fbc687d7f0d0320ee6930e2d341add3f685fbfc32777d","987.334901823",""
"147","2025-09-30 07:40","0x1947053aa6428f49e45fbc687d7f0d0320ee6930e2d341add3f685fbfc32777d","987.499880928",""
"148","2025-10-01 07:40","0x1947053aa6428f49e45fbc687d7f0d0320ee6930e2d341add3f685fbfc32777d","985.284749067",""
"149","2025-10-02 07:40","0x1947053aa6428f49e45fbc687d7f0d0320ee6930e2d341add3f685fbfc32777d","987.391356454",""
"150","2025-10-03 07:40","0x1947053aa6428f49e45fbc687d7f0d0320ee6930e2d341add3f685fbfc32777d","995.750979528",""
"125","2025-09-08 07:39","0xd4c7a8de5bac8e8c5614253d6b1493140f761129d34b0647717bbf9117d81e21","942.921445290",""
"126","2025-09-09 07:39","0xd4c7a8de5bac8e8c5614253d6b1493140f761129d34b0647717bbf9117d81e21","951.452559464",""
"127","2025-09-10 07:39","0xd4c7a8de5bac8e8c5614253d6b1493140f761129d34b0647717bbf9117d81e21","951.418402817",""
"128","2025-09-11 07:39","0xd4c7a8de5bac8e8c5614253d6b1493140f761129d34b0647717bbf9117d81e21","951.384260447",""
"129","2025-09-12 07:39","0xd4c7a8de5bac8e8c5614253d6b1493140f761129d34b0647717bbf9117d81e21","951.350130311",""
"130","2025-09-13 07:39","0xd4c7a8de5bac8e8c5614253d6b1493140f761129d34b0647717bbf9117d81e21","951.316013611",""
"131","2025-09-14 07:39","0xd4c7a8de5bac8e8c5614253d6b1493140f761129d34b0647717bbf9117d81e21","951.281911507",""
"132","2025-09-15 07:39","0xd4c7a8de5bac8e8c5614253d6b1493140f761129d34b0647717bbf9117d81e21","951.247821741",""
"133","2025-09-16 07:39","0xd4c7a8de5bac8e8c5614253d6b1493140f761129d34b0647717bbf9117d81e21","951.213746004",""
"134","2025-09-17 07:39","0xd4c7a8de5bac8e8c5614253d6b1493140f761129d34b0647717bbf9117d81e21","930.044315086",""
"135","2025-09-18 07:39","0xd4c7a8de5bac8e8c5614253d6b1493140f761129d34b0647717bbf9117d81e21","930.011762089",""
"136","2025-09-19 07:39","0xd4c7a8de5bac8e8c5614253d6b1493140f761129d34b0647717bbf9117d81e21","929.979222579",""
"137","2025-09-20 07:39","0xd4c7a8de5bac8e8c5614253d6b1493140f761129d34b0647717bbf9117d81e21","929.946694862",""
"138","2025-09-21 07:39","0xd4c7a8de5bac8e8c5614253d6b1493140f761129d34b0647717bbf9117d81e21","929.914178661",""
"139","2025-09-22 07:39","0xd4c7a8de5bac8e8c5614253d6b1493140f761129d34b0647717bbf9117d81e21","929.881675810",""
"140","2025-09-23 07:39","0xd4c7a8de5bac8e8c5614253d6b1493140f761129d34b0647717bbf9117d81e21","929.888901473",""
"141","2025-09-24 07:39","0xd4c7a8de5bac8e8c5614253d6b1493140f761129d34b0647717bbf9117d81e21","929.816962353",""
"142","2025-09-25 07:39","0xd4c7a8de5bac8e8c5614253d6b1493140f761129d34b0647717bbf9117d81e21","929.784496947",""
"143","2025-09-26 07:39","0xd4c7a8de5bac8e8c5614253d6b1493140f761129d34b0647717bbf9117d81e21","929.752044090",""
"144","2025-09-27 07:40","0xd4c7a8de5bac8e8c5614253d6b1493140f761129d34b0647717bbf9117d81e21","929.719603482",""
"145","2025-09-28 07:40","0xd4c7a8de5bac8e8c5614253d6b1493140f761129d34b0647717bbf9117d81e21","929.687175466",""
"146","2025-09-29 07:40","0xd4c7a8de5bac8e8c5614253d6b1493140f761129d34b0647717bbf9117d81e21","929.654759828",""
"147","2025-09-30 07:40","0xd4c7a8de5bac8e8c5614253d6b1493140f761129d34b0647717bbf9117d81e21","929.622372168",""
"148","2025-10-01 07:40","0xd4c7a8de5bac8e8c5614253d6b1493140f761129d34b0647717bbf9117d81e21","929.590042568",""
"149","2025-10-02 07:40","0xd4c7a8de5bac8e8c5614253d6b1493140f761129d34b0647717bbf9117d81e21","950.683968126",""
"150","2025-10-03 07:40","0xd4c7a8de5bac8e8c5614253d6b1493140f761129d34b0647717bbf9117d81e21","950.650056950",""
"125","2025-09-08 07:39","0x1beab684091285a95e327229acf603870d3896eebb342e41ac824a479374aa4d","992.391736633",""
"126","2025-09-09 07:39","0x1beab684091285a95e327229acf603870d3896eebb342e41ac824a479374aa4d","994.757295096",""
"127","2025-09-10 07:39","0x1beab684091285a95e327229acf603870d3896eebb342e41ac824a479374aa4d","991.911338153",""
"128","2025-09-11 07:39","0x1beab684091285a95e327229acf603870d3896eebb342e41ac824a479374aa4d","991.946050394",""
"129","2025-09-12 07:39","0x1beab684091285a95e327229acf603870d3896eebb342e41ac824a479374aa4d","998.745117675",""
"130","2025-09-13 07:39","0x1beab684091285a95e327229acf603870d3896eebb342e41ac824a479374aa4d","1010.536795786",""
"131","2025-09-14 07:39","0x1beab684091285a95e327229acf603870d3896eebb342e41ac824a479374aa4d","1004.415820764",""
"132","2025-09-15 07:39","0x1beab684091285a95e327229acf603870d3896eebb342e41ac824a479374aa4d","1004.491987314",""
"133","2025-09-16 07:39","0x1beab684091285a95e327229acf603870d3896eebb342e41ac824a479374aa4d","1007.063494131",""
"134","2025-09-17 07:39","0x1beab684091285a95e327229acf603870d3896eebb342e41ac824a479374aa4d","1006.254345662",""
"135","2025-09-18 07:39","0x1beab684091285a95e327229acf603870d3896eebb342e41ac824a479374aa4d","999.282172831",""
"136","2025-09-19 07:39","0x1beab684091285a95e327229acf603870d3896eebb342e41ac824a479374aa4d","998.863829362",""
"137","2025-09-20 07:39","0x1beab684091285a95e327229acf603870d3896eebb342e41ac824a479374aa4d","985.173985575",""
"138","2025-09-21 07:39","0x1beab684091285a95e327229acf603870d3896eebb342e41ac824a479374aa4d","991.711136915",""
"139","2025-09-22 07:39","0x1beab684091285a95e327229acf603870d3896eebb342e41ac824a479374aa4d","984.835833318",""
"140","2025-09-23 07:39","0x1beab684091285a95e327229acf603870d3896eebb342e41ac824a479374aa4d","984.996706168",""
"141","2025-09-24 07:39","0x1beab684091285a95e327229acf603870d3896eebb342e41ac824a479374aa4d","991.791732460",""
"142","2025-09-25 07:39","0x1beab684091285a95e327229acf603870d3896eebb342e41ac824a479374aa4d","998.687616190",""
"143","2025-09-26 07:39","0x1beab684091285a95e327229acf603870d3896eebb342e41ac824a479374aa4d","991.667806433",""
"144","2025-09-27 07:40","0x1beab684091285a95e327229acf603870d3896eebb342e41ac824a479374aa4d","985.339177653",""
"145","2025-09-28 07:40","0x1beab684091285a95e327229acf603870d3896eebb342e41ac824a479374aa4d","986.523985120",""
"146","2025-09-29 07:40","0x1beab684091285a95e327229acf603870d3896eebb342e41ac824a479374aa4d","986.494047246",""
"147","2025-09-30 07:40","0x1beab684091285a95e327229acf603870d3896eebb342e41ac824a479374aa4d","1006.826800562",""
"148","2025-10-01 07:40","0x1beab684091285a95e327229acf603870d3896eebb342e41ac824a479374aa4d","988.868056516",""
"149","2025-10-02 07:40","0x1beab684091285a95e327229acf603870d3896eebb342e41ac824a479374aa4d","998.096621102",""
"150","2025-10-03 07:40","0x1beab684091285a95e327229acf603870d3896eebb342e41ac824a479374aa4d","997.739031822",""
"125","2025-09-08 07:39","0xbe2dc7bcd2e2538f45a0717e4f6eccb590f68a16626780722eebd9591776da67","949.653998801",""
"126","2025-09-09 07:39","0xbe2dc7bcd2e2538f45a0717e4f6eccb590f68a16626780722eebd9591776da67","949.627354118",""
"127","2025-09-10 07:39","0xbe2dc7bcd2e2538f45a0717e4f6eccb590f68a16626780722eebd9591776da67","949.600719226",""
"128","2025-09-11 07:39","0xbe2dc7bcd2e2538f45a0717e4f6eccb590f68a16626780722eebd9591776da67","949.495207670",""
"129","2025-09-12 07:39","0xbe2dc7bcd2e2538f45a0717e4f6eccb590f68a16626780722eebd9591776da67","966.731662308",""
"130","2025-09-13 07:39","0xbe2dc7bcd2e2538f45a0717e4f6eccb590f68a16626780722eebd9591776da67","966.704085680",""
"131","2025-09-14 07:39","0xbe2dc7bcd2e2538f45a0717e4f6eccb590f68a16626780722eebd9591776da67","966.676520827",""
"132","2025-09-15 07:39","0xbe2dc7bcd2e2538f45a0717e4f6eccb590f68a16626780722eebd9591776da67","966.648965459",""
"133","2025-09-16 07:39","0xbe2dc7bcd2e2538f45a0717e4f6eccb590f68a16626780722eebd9591776da67","966.621421298",""
"134","2025-09-17 07:39","0xbe2dc7bcd2e2538f45a0717e4f6eccb590f68a16626780722eebd9591776da67","966.593887626",""
"135","2025-09-18 07:39","0xbe2dc7bcd2e2538f45a0717e4f6eccb590f68a16626780722eebd9591776da67","966.566364462",""
"136","2025-09-19 07:39","0xbe2dc7bcd2e2538f45a0717e4f6eccb590f68a16626780722eebd9591776da67","966.538852872",""
"137","2025-09-20 07:39","0xbe2dc7bcd2e2538f45a0717e4f6eccb590f68a16626780722eebd9591776da67","931.993088553",""
"138","2025-09-21 07:39","0xbe2dc7bcd2e2538f45a0717e4f6eccb590f68a16626780722eebd9591776da67","931.967524612",""
"139","2025-09-22 07:39","0xbe2dc7bcd2e2538f45a0717e4f6eccb590f68a16626780722eebd9591776da67","932.019376071",""
"140","2025-09-23 07:39","0xbe2dc7bcd2e2538f45a0717e4f6eccb590f68a16626780722eebd9591776da67","931.993828833",""
"141","2025-09-24 07:39","0xbe2dc7bcd2e2538f45a0717e4f6eccb590f68a16626780722eebd9591776da67","931.968211566",""
"142","2025-09-25 07:39","0xbe2dc7bcd2e2538f45a0717e4f6eccb590f68a16626780722eebd9591776da67","931.942682063",""
"143","2025-09-26 07:39","0xbe2dc7bcd2e2538f45a0717e4f6eccb590f68a16626780722eebd9591776da67","931.917162082",""
"144","2025-09-27 07:40","0xbe2dc7bcd2e2538f45a0717e4f6eccb590f68a16626780722eebd9591776da67","931.891651325",""
"145","2025-09-28 07:40","0xbe2dc7bcd2e2538f45a0717e4f6eccb590f68a16626780722eebd9591776da67","931.866150139",""
"146","2025-09-29 07:40","0xbe2dc7bcd2e2538f45a0717e4f6eccb590f68a16626780722eebd9591776da67","932.618261822",""
"147","2025-09-30 07:40","0xbe2dc7bcd2e2538f45a0717e4f6eccb590f68a16626780722eebd9591776da67","932.592752464",""
"148","2025-10-01 07:40","0xbe2dc7bcd2e2538f45a0717e4f6eccb590f68a16626780722eebd9591776da67","949.837063106",""
"149","2025-10-02 07:40","0xbe2dc7bcd2e2538f45a0717e4f6eccb590f68a16626780722eebd9591776da67","949.810597142",""
"150","2025-10-03 07:40","0xbe2dc7bcd2e2538f45a0717e4f6eccb590f68a16626780722eebd9591776da67","949.784090219",""
"125","2025-09-08 07:39","0xf1baddc5f3aae0dce4b884818ffe851856e0ebb9ec87fc47db46e56547b0edf3","942.167133511",""
"126","2025-09-09 07:39","0xf1baddc5f3aae0dce4b884818ffe851856e0ebb9ec87fc47db46e56547b0edf3","950.691423025",""
"127","2025-09-10 07:39","0xf1baddc5f3aae0dce4b884818ffe851856e0ebb9ec87fc47db46e56547b0edf3","950.657293702",""
"128","2025-09-11 07:39","0xf1baddc5f3aae0dce4b884818ffe851856e0ebb9ec87fc47db46e56547b0edf3","950.623178646",""
"129","2025-09-12 07:39","0xf1baddc5f3aae0dce4b884818ffe851856e0ebb9ec87fc47db46e56547b0edf3","950.589075811",""
"130","2025-09-13 07:39","0xf1baddc5f3aae0dce4b884818ffe851856e0ebb9ec87fc47db46e56547b0edf3","950.554986405",""
"131","2025-09-14 07:39","0xf1baddc5f3aae0dce4b884818ffe851856e0ebb9ec87fc47db46e56547b0edf3","950.520911582",""
"132","2025-09-15 07:39","0xf1baddc5f3aae0dce4b884818ffe851856e0ebb9ec87fc47db46e56547b0edf3","950.486849086",""
"133","2025-09-16 07:39","0xf1baddc5f3aae0dce4b884818ffe851856e0ebb9ec87fc47db46e56547b0edf3","950.452800609",""
"134","2025-09-17 07:39","0xf1baddc5f3aae0dce4b884818ffe851856e0ebb9ec87fc47db46e56547b0edf3","929.300304665",""
"135","2025-09-18 07:39","0xf1baddc5f3aae0dce4b884818ffe851856e0ebb9ec87fc47db46e56547b0edf3","929.267777711",""
"136","2025-09-19 07:39","0xf1baddc5f3aae0dce4b884818ffe851856e0ebb9ec87fc47db46e56547b0edf3","929.235264231",""
"137","2025-09-20 07:39","0xf1baddc5f3aae0dce4b884818ffe851856e0ebb9ec87fc47db46e56547b0edf3","929.202762536",""
"138","2025-09-21 07:39","0xf1baddc5f3aae0dce4b884818ffe851856e0ebb9ec87fc47db46e56547b0edf3","929.170272346",""
"139","2025-09-22 07:39","0xf1baddc5f3aae0dce4b884818ffe851856e0ebb9ec87fc47db46e56547b0edf3","929.137795497",""
"140","2025-09-23 07:39","0xf1baddc5f3aae0dce4b884818ffe851856e0ebb9ec87fc47db46e56547b0edf3","929.145015379",""
"141","2025-09-24 07:39","0xf1baddc5f3aae0dce4b884818ffe851856e0ebb9ec87fc47db46e56547b0edf3","929.073133810",""
"142","2025-09-25 07:39","0xf1baddc5f3aae0dce4b884818ffe851856e0ebb9ec87fc47db46e56547b0edf3","929.040694374",""
"143","2025-09-26 07:39","0xf1baddc5f3aae0dce4b884818ffe851856e0ebb9ec87fc47db46e56547b0edf3","929.008267478",""
"144","2025-09-27 07:40","0xf1baddc5f3aae0dce4b884818ffe851856e0ebb9ec87fc47db46e56547b0edf3","928.975852823",""
"145","2025-09-28 07:40","0xf1baddc5f3aae0dce4b884818ffe851856e0ebb9ec87fc47db46e56547b0edf3","928.943450749",""
"146","2025-09-29 07:40","0xf1baddc5f3aae0dce4b884818ffe851856e0ebb9ec87fc47db46e56547b0edf3","928.911061041",""
"147","2025-09-30 07:40","0xf1baddc5f3aae0dce4b884818ffe851856e0ebb9ec87fc47db46e56547b0edf3","928.878699291",""
"148","2025-10-01 07:40","0xf1baddc5f3aae0dce4b884818ffe851856e0ebb9ec87fc47db46e56547b0edf3","928.846395554",""
"149","2025-10-02 07:40","0xf1baddc5f3aae0dce4b884818ffe851856e0ebb9ec87fc47db46e56547b0edf3","949.923446538",""
"150","2025-10-03 07:40","0xf1baddc5f3aae0dce4b884818ffe851856e0ebb9ec87fc47db46e56547b0edf3","949.889562491",""
"125","2025-09-08 07:39","0x1a545b9ddf57df370ebcf6dd1fa571b32b1332604c0276d1ab4b890ead5224d7","942.167133511",""
"126","2025-09-09 07:39","0x1a545b9ddf57df370ebcf6dd1fa571b32b1332604c0276d1ab4b890ead5224d7","950.691423025",""
"127","2025-09-10 07:39","0x1a545b9ddf57df370ebcf6dd1fa571b32b1332604c0276d1ab4b890ead5224d7","950.657293702",""
"128","2025-09-11 07:39","0x1a545b9ddf57df370ebcf6dd1fa571b32b1332604c0276d1ab4b890ead5224d7","950.623178646",""
"129","2025-09-12 07:39","0x1a545b9ddf57df370ebcf6dd1fa571b32b1332604c0276d1ab4b890ead5224d7","950.589075811",""
"130","2025-09-13 07:39","0x1a545b9ddf57df370ebcf6dd1fa571b32b1332604c0276d1ab4b890ead5224d7","950.554986405",""
"131","2025-09-14 07:39","0x1a545b9ddf57df370ebcf6dd1fa571b32b1332604c0276d1ab4b890ead5224d7","950.520911582",""
"132","2025-09-15 07:39","0x1a545b9ddf57df370ebcf6dd1fa571b32b1332604c0276d1ab4b890ead5224d7","950.486849086",""
"133","2025-09-16 07:39","0x1a545b9ddf57df370ebcf6dd1fa571b32b1332604c0276d1ab4b890ead5224d7","950.452800609",""
"134","2025-09-17 07:39","0x1a545b9ddf57df370ebcf6dd1fa571b32b1332604c0276d1ab4b890ead5224d7","929.300304665",""
"135","2025-09-18 07:39","0x1a545b9ddf57df370ebcf6dd1fa571b32b1332604c0276d1ab4b890ead5224d7","929.267777711",""
"136","2025-09-19 07:39","0x1a545b9ddf57df370ebcf6dd1fa571b32b1332604c0276d1ab4b890ead5224d7","929.235264231",""
"137","2025-09-20 07:39","0x1a545b9ddf57df370ebcf6dd1fa571b32b1332604c0276d1ab4b890ead5224d7","929.202762536",""
"138","2025-09-21 07:39","0x1a545b9ddf57df370ebcf6dd1fa571b32b1332604c0276d1ab4b890ead5224d7","929.170272346",""
"139","2025-09-22 07:39","0x1a545b9ddf57df370ebcf6dd1fa571b32b1332604c0276d1ab4b890ead5224d7","929.137795497",""
"140","2025-09-23 07:39","0x1a545b9ddf57df370ebcf6dd1fa571b32b1332604c0276d1ab4b890ead5224d7","929.145015379",""
"141","2025-09-24 07:39","0x1a545b9ddf57df370ebcf6dd1fa571b32b1332604c0276d1ab4b890ead5224d7","929.073133810",""
"142","2025-09-25 07:39","0x1a545b9ddf57df370ebcf6dd1fa571b32b1332604c0276d1ab4b890ead5224d7","929.040694374",""
"143","2025-09-26 07:39","0x1a545b9ddf57df370ebcf6dd1fa571b32b1332604c0276d1ab4b890ead5224d7","929.008267478",""
"144","2025-09-27 07:40","0x1a545b9ddf57df370ebcf6dd1fa571b32b1332604c0276d1ab4b890ead5224d7","928.975852823",""
"145","2025-09-28 07:40","0x1a545b9ddf57df370ebcf6dd1fa571b32b1332604c0276d1ab4b890ead5224d7","928.943450749",""
"146","2025-09-29 07:40","0x1a545b9ddf57df370ebcf6dd1fa571b32b1332604c0276d1ab4b890ead5224d7","928.911061041",""
"147","2025-09-30 07:40","0x1a545b9ddf57df370ebcf6dd1fa571b32b1332604c0276d1ab4b890ead5224d7","928.878699291",""
"148","2025-10-01 07:40","0x1a545b9ddf57df370ebcf6dd1fa571b32b1332604c0276d1ab4b890ead5224d7","928.846395554",""
"149","2025-10-02 07:40","0x1a545b9ddf57df370ebcf6dd1fa571b32b1332604c0276d1ab4b890ead5224d7","949.923446538",""
"150","2025-10-03 07:40","0x1a545b9ddf57df370ebcf6dd1fa571b32b1332604c0276d1ab4b890ead5224d7","949.889562491",""
"125","2025-09-08 07:39","0xaa073de6563f92a902d645f6ad552e471490b2bebb6d2b27b363efca3502daaf","1000.821748224",""
"126","2025-09-09 07:39","0xaa073de6563f92a902d645f6ad552e471490b2bebb6d2b27b363efca3502daaf","1004.872361439",""
"127","2025-09-10 07:39","0xaa073de6563f92a902d645f6ad552e471490b2bebb6d2b27b363efca3502daaf","995.089265330",""
"128","2025-09-11 07:39","0xaa073de6563f92a902d645f6ad552e471490b2bebb6d2b27b363efca3502daaf","994.999332342",""
"129","2025-09-12 07:39","0xaa073de6563f92a902d645f6ad552e471490b2bebb6d2b27b363efca3502daaf","1004.755345941",""
"130","2025-09-13 07:39","0xaa073de6563f92a902d645f6ad552e471490b2bebb6d2b27b363efca3502daaf","1004.748369408",""
"131","2025-09-14 07:39","0xaa073de6563f92a902d645f6ad552e471490b2bebb6d2b27b363efca3502daaf","1004.154052787",""
"132","2025-09-15 07:39","0xaa073de6563f92a902d645f6ad552e471490b2bebb6d2b27b363efca3502daaf","1004.247509298",""
"133","2025-09-16 07:39","0xaa073de6563f92a902d645f6ad552e471490b2bebb6d2b27b363efca3502daaf","1004.836897754",""
"134","2025-09-17 07:39","0xaa073de6563f92a902d645f6ad552e471490b2bebb6d2b27b363efca3502daaf","1012.114614467",""
"135","2025-09-18 07:39","0xaa073de6563f92a902d645f6ad552e471490b2bebb6d2b27b363efca3502daaf","1002.822157540",""
"136","2025-09-19 07:39","0xaa073de6563f92a902d645f6ad552e471490b2bebb6d2b27b363efca3502daaf","1002.815223508",""
"137","2025-09-20 07:39","0xaa073de6563f92a902d645f6ad552e471490b2bebb6d2b27b363efca3502daaf","984.229775048",""
"138","2025-09-21 07:39","0xaa073de6563f92a902d645f6ad552e471490b2bebb6d2b27b363efca3502daaf","992.775238505",""
"139","2025-09-22 07:39","0xaa073de6563f92a902d645f6ad552e471490b2bebb6d2b27b363efca3502daaf","992.774678899",""
"140","2025-09-23 07:39","0xaa073de6563f92a902d645f6ad552e471490b2bebb6d2b27b363efca3502daaf","983.489687958",""
"141","2025-09-24 07:39","0xaa073de6563f92a902d645f6ad552e471490b2bebb6d2b27b363efca3502daaf","992.758027715",""
"142","2025-09-25 07:39","0xaa073de6563f92a902d645f6ad552e471490b2bebb6d2b27b363efca3502daaf","983.382732407",""
"143","2025-09-26 07:39","0xaa073de6563f92a902d645f6ad552e471490b2bebb6d2b27b363efca3502daaf","983.376079379",""
"144","2025-09-27 07:40","0xaa073de6563f92a902d645f6ad552e471490b2bebb6d2b27b363efca3502daaf","992.547418260",""
"145","2025-09-28 07:40","0xaa073de6563f92a902d645f6ad552e471490b2bebb6d2b27b363efca3502daaf","984.860260464",""
"146","2025-09-29 07:40","0xaa073de6563f92a902d645f6ad552e471490b2bebb6d2b27b363efca3502daaf","984.385456257",""
"147","2025-09-30 07:40","0xaa073de6563f92a902d645f6ad552e471490b2bebb6d2b27b363efca3502daaf","993.578530291",""
"148","2025-10-01 07:40","0xaa073de6563f92a902d645f6ad552e471490b2bebb6d2b27b363efca3502daaf","993.973826565",""
"149","2025-10-02 07:40","0xaa073de6563f92a902d645f6ad552e471490b2bebb6d2b27b363efca3502daaf","995.507426847",""
"150","2025-10-03 07:40","0xaa073de6563f92a902d645f6ad552e471490b2bebb6d2b27b363efca3502daaf","995.943308493",""
"125","2025-09-08 07:39","0x634cfee88b3098758a1a136cbce4bd2347d88440580ec8e380266d2bcef893e7","1000.821748224",""
"126","2025-09-09 07:39","0x634cfee88b3098758a1a136cbce4bd2347d88440580ec8e380266d2bcef893e7","1004.872361439",""
"127","2025-09-10 07:39","0x634cfee88b3098758a1a136cbce4bd2347d88440580ec8e380266d2bcef893e7","995.089265330",""
"128","2025-09-11 07:39","0x634cfee88b3098758a1a136cbce4bd2347d88440580ec8e380266d2bcef893e7","994.999332342",""
"129","2025-09-12 07:39","0x634cfee88b3098758a1a136cbce4bd2347d88440580ec8e380266d2bcef893e7","1004.755345941",""
"130","2025-09-13 07:39","0x634cfee88b3098758a1a136cbce4bd2347d88440580ec8e380266d2bcef893e7","1004.748369408",""
"131","2025-09-14 07:39","0x634cfee88b3098758a1a136cbce4bd2347d88440580ec8e380266d2bcef893e7","1004.154052787",""
"132","2025-09-15 07:39","0x634cfee88b3098758a1a136cbce4bd2347d88440580ec8e380266d2bcef893e7","1004.247509298",""
"133","2025-09-16 07:39","0x634cfee88b3098758a1a136cbce4bd2347d88440580ec8e380266d2bcef893e7","1004.836897754",""
"134","2025-09-17 07:39","0x634cfee88b3098758a1a136cbce4bd2347d88440580ec8e380266d2bcef893e7","1012.114614467",""
"135","2025-09-18 07:39","0x634cfee88b3098758a1a136cbce4bd2347d88440580ec8e380266d2bcef893e7","1002.822157540",""
"136","2025-09-19 07:39","0x634cfee88b3098758a1a136cbce4bd2347d88440580ec8e380266d2bcef893e7","1002.815223508",""
"137","2025-09-20 07:39","0x634cfee88b3098758a1a136cbce4bd2347d88440580ec8e380266d2bcef893e7","984.229775048",""
"138","2025-09-21 07:39","0x634cfee88b3098758a1a136cbce4bd2347d88440580ec8e380266d2bcef893e7","992.775238505",""
"139","2025-09-22 07:39","0x634cfee88b3098758a1a136cbce4bd2347d88440580ec8e380266d2bcef893e7","992.774678899",""
"140","2025-09-23 07:39","0x634cfee88b3098758a1a136cbce4bd2347d88440580ec8e380266d2bcef893e7","983.489687958",""
"141","2025-09-24 07:39","0x634cfee88b3098758a1a136cbce4bd2347d88440580ec8e380266d2bcef893e7","992.758027715",""
"142","2025-09-25 07:39","0x634cfee88b3098758a1a136cbce4bd2347d88440580ec8e380266d2bcef893e7","983.382732407",""
"143","2025-09-26 07:39","0x634cfee88b3098758a1a136cbce4bd2347d88440580ec8e380266d2bcef893e7","983.376079379",""
"144","2025-09-27 07:40","0x634cfee88b3098758a1a136cbce4bd2347d88440580ec8e380266d2bcef893e7","992.547418260",""
"145","2025-09-28 07:40","0x634cfee88b3098758a1a136cbce4bd2347d88440580ec8e380266d2bcef893e7","984.860260464",""
"146","2025-09-29 07:40","0x634cfee88b3098758a1a136cbce4bd2347d88440580ec8e380266d2bcef893e7","984.385456257",""
"147","2025-09-30 07:40","0x634cfee88b3098758a1a136cbce4bd2347d88440580ec8e380266d2bcef893e7","993.578530291",""
"148","2025-10-01 07:40","0x634cfee88b3098758a1a136cbce4bd2347d88440580ec8e380266d2bcef893e7","993.973826565",""
"149","2025-10-02 07:40","0x634cfee88b3098758a1a136cbce4bd2347d88440580ec8e380266d2bcef893e7","995.507426847",""
"150","2025-10-03 07:40","0x634cfee88b3098758a1a136cbce4bd2347d88440580ec8e380266d2bcef893e7","995.943308493",""
"125","2025-09-08 07:39","0x8ed47cc2ab71d433908e0bbf6d85558f19a483cfbeec03703571524ed50d5fd8","948.964535087",""
"126","2025-09-09 07:39","0x8ed47cc2ab71d433908e0bbf6d85558f19a483cfbeec03703571524ed50d5fd8","948.937909748",""
"127","2025-09-10 07:39","0x8ed47cc2ab71d433908e0bbf6d85558f19a483cfbeec03703571524ed50d5fd8","948.911294192",""
"128","2025-09-11 07:39","0x8ed47cc2ab71d433908e0bbf6d85558f19a483cfbeec03703571524ed50d5fd8","948.805859241",""
"129","2025-09-12 07:39","0x8ed47cc2ab71d433908e0bbf6d85558f19a483cfbeec03703571524ed50d5fd8","966.029799941",""
"130","2025-09-13 07:39","0x8ed47cc2ab71d433908e0bbf6d85558f19a483cfbeec03703571524ed50d5fd8","966.002243334",""
"131","2025-09-14 07:39","0x8ed47cc2ab71d433908e0bbf6d85558f19a483cfbeec03703571524ed50d5fd8","965.974698494",""
"132","2025-09-15 07:39","0x8ed47cc2ab71d433908e0bbf6d85558f19a483cfbeec03703571524ed50d5fd8","965.947163133",""
"133","2025-09-16 07:39","0x8ed47cc2ab71d433908e0bbf6d85558f19a483cfbeec03703571524ed50d5fd8","965.919638967",""
"134","2025-09-17 07:39","0x8ed47cc2ab71d433908e0bbf6d85558f19a483cfbeec03703571524ed50d5fd8","965.892125286",""
"135","2025-09-18 07:39","0x8ed47cc2ab71d433908e0bbf6d85558f19a483cfbeec03703571524ed50d5fd8","965.864622105",""
"136","2025-09-19 07:39","0x8ed47cc2ab71d433908e0bbf6d85558f19a483cfbeec03703571524ed50d5fd8","965.837130488",""
"137","2025-09-20 07:39","0x8ed47cc2ab71d433908e0bbf6d85558f19a483cfbeec03703571524ed50d5fd8","931.316446937",""
"138","2025-09-21 07:39","0x8ed47cc2ab71d433908e0bbf6d85558f19a483cfbeec03703571524ed50d5fd8","931.290901555",""
"139","2025-09-22 07:39","0x8ed47cc2ab71d433908e0bbf6d85558f19a483cfbeec03703571524ed50d5fd8","931.342715368",""
"140","2025-09-23 07:39","0x8ed47cc2ab71d433908e0bbf6d85558f19a483cfbeec03703571524ed50d5fd8","931.317186680",""
"141","2025-09-24 07:39","0x8ed47cc2ab71d433908e0bbf6d85558f19a483cfbeec03703571524ed50d5fd8","931.291588011",""
"142","2025-09-25 07:39","0x8ed47cc2ab71d433908e0bbf6d85558f19a483cfbeec03703571524ed50d5fd8","931.266077042",""
"143","2025-09-26 07:39","0x8ed47cc2ab71d433908e0bbf6d85558f19a483cfbeec03703571524ed50d5fd8","931.240575589",""
"144","2025-09-27 07:40","0x8ed47cc2ab71d433908e0bbf6d85558f19a483cfbeec03703571524ed50d5fd8","931.215083353",""
"145","2025-09-28 07:40","0x8ed47cc2ab71d433908e0bbf6d85558f19a483cfbeec03703571524ed50d5fd8","931.189600682",""
"146","2025-09-29 07:40","0x8ed47cc2ab71d433908e0bbf6d85558f19a483cfbeec03703571524ed50d5fd8","931.941166320",""
"147","2025-09-30 07:40","0x8ed47cc2ab71d433908e0bbf6d85558f19a483cfbeec03703571524ed50d5fd8","931.915675482",""
"148","2025-10-01 07:40","0x8ed47cc2ab71d433908e0bbf6d85558f19a483cfbeec03703571524ed50d5fd8","949.147466484",""
"149","2025-10-02 07:40","0x8ed47cc2ab71d433908e0bbf6d85558f19a483cfbeec03703571524ed50d5fd8","949.121019734",""
"150","2025-10-03 07:40","0x8ed47cc2ab71d433908e0bbf6d85558f19a483cfbeec03703571524ed50d5fd8","949.094532056",""
"125","2025-09-08 07:39","0x82482d42de3533534082499e9b1c30604a73083342abd555f36b85e47b5fa718","948.964535087",""
"126","2025-09-09 07:39","0x82482d42de3533534082499e9b1c30604a73083342abd555f36b85e47b5fa718","948.937909748",""
"127","2025-09-10 07:39","0x82482d42de3533534082499e9b1c30604a73083342abd555f36b85e47b5fa718","948.911294192",""
"128","2025-09-11 07:39","0x82482d42de3533534082499e9b1c30604a73083342abd555f36b85e47b5fa718","948.805859241",""
"129","2025-09-12 07:39","0x82482d42de3533534082499e9b1c30604a73083342abd555f36b85e47b5fa718","966.029799941",""
"130","2025-09-13 07:39","0x82482d42de3533534082499e9b1c30604a73083342abd555f36b85e47b5fa718","966.002243334",""
"131","2025-09-14 07:39","0x82482d42de3533534082499e9b1c30604a73083342abd555f36b85e47b5fa718","965.974698494",""
"132","2025-09-15 07:39","0x82482d42de3533534082499e9b1c30604a73083342abd555f36b85e47b5fa718","965.947163133",""
"133","2025-09-16 07:39","0x82482d42de3533534082499e9b1c30604a73083342abd555f36b85e47b5fa718","965.919638967",""
"134","2025-09-17 07:39","0x82482d42de3533534082499e9b1c30604a73083342abd555f36b85e47b5fa718","965.892125286",""
"135","2025-09-18 07:39","0x82482d42de3533534082499e9b1c30604a73083342abd555f36b85e47b5fa718","965.864622105",""
"136","2025-09-19 07:39","0x82482d42de3533534082499e9b1c30604a73083342abd555f36b85e47b5fa718","965.837130488",""
"137","2025-09-20 07:39","0x82482d42de3533534082499e9b1c30604a73083342abd555f36b85e47b5fa718","931.316446937",""
"138","2025-09-21 07:39","0x82482d42de3533534082499e9b1c30604a73083342abd555f36b85e47b5fa718","931.290901555",""
"139","2025-09-22 07:39","0x82482d42de3533534082499e9b1c30604a73083342abd555f36b85e47b5fa718","931.342715368",""
"140","2025-09-23 07:39","0x82482d42de3533534082499e9b1c30604a73083342abd555f36b85e47b5fa718","931.317186680",""
"141","2025-09-24 07:39","0x82482d42de3533534082499e9b1c30604a73083342abd555f36b85e47b5fa718","931.291588011",""
"142","2025-09-25 07:39","0x82482d42de3533534082499e9b1c30604a73083342abd555f36b85e47b5fa718","931.266077042",""
"143","2025-09-26 07:39","0x82482d42de3533534082499e9b1c30604a73083342abd555f36b85e47b5fa718","931.240575589",""
"144","2025-09-27 07:40","0x82482d42de3533534082499e9b1c30604a73083342abd555f36b85e47b5fa718","931.215083353",""
"145","2025-09-28 07:40","0x82482d42de3533534082499e9b1c30604a73083342abd555f36b85e47b5fa718","931.189600682",""
"146","2025-09-29 07:40","0x82482d42de3533534082499e9b1c30604a73083342abd555f36b85e47b5fa718","931.941166320",""
"147","2025-09-30 07:40","0x82482d42de3533534082499e9b1c30604a73083342abd555f36b85e47b5fa718","931.915675482",""
"148","2025-10-01 07:40","0x82482d42de3533534082499e9b1c30604a73083342abd555f36b85e47b5fa718","949.147466484",""
"149","2025-10-02 07:40","0x82482d42de3533534082499e9b1c30604a73083342abd555f36b85e47b5fa718","949.121019734",""
"150","2025-10-03 07:40","0x82482d42de3533534082499e9b1c30604a73083342abd555f36b85e47b5fa718","949.094532056",""
"125","2025-09-08 07:39","0xaa8ea407fc9703220f7e7089ca88b284bee9bd4baa59debc26ec30629627fc3b","924.922020393",""
"126","2025-09-09 07:39","0xaa8ea407fc9703220f7e7089ca88b284bee9bd4baa59debc26ec30629627fc3b","924.889674693",""
"127","2025-09-10 07:39","0xaa8ea407fc9703220f7e7089ca88b284bee9bd4baa59debc26ec30629627fc3b","924.857341140",""
"128","2025-09-11 07:39","0xaa8ea407fc9703220f7e7089ca88b284bee9bd4baa59debc26ec30629627fc3b","924.825020790",""
"129","2025-09-12 07:39","0xaa8ea407fc9703220f7e7089ca88b284bee9bd4baa59debc26ec30629627fc3b","939.242597774",""
"130","2025-09-13 07:39","0xaa8ea407fc9703220f7e7089ca88b284bee9bd4baa59debc26ec30629627fc3b","938.541581685",""
"131","2025-09-14 07:39","0xaa8ea407fc9703220f7e7089ca88b284bee9bd4baa59debc26ec30629627fc3b","938.508329410",""
"132","2025-09-15 07:39","0xaa8ea407fc9703220f7e7089ca88b284bee9bd4baa59debc26ec30629627fc3b","938.475089000",""
"133","2025-09-16 07:39","0xaa8ea407fc9703220f7e7089ca88b284bee9bd4baa59debc26ec30629627fc3b","938.441862124",""
"134","2025-09-17 07:39","0xaa8ea407fc9703220f7e7089ca88b284bee9bd4baa59debc26ec30629627fc3b","938.408648085",""
"135","2025-09-18 07:39","0xaa8ea407fc9703220f7e7089ca88b284bee9bd4baa59debc26ec30629627fc3b","938.375446899",""
"136","2025-09-19 07:39","0xaa8ea407fc9703220f7e7089ca88b284bee9bd4baa59debc26ec30629627fc3b","938.342259597",""
"137","2025-09-20 07:39","0xaa8ea407fc9703220f7e7089ca88b284bee9bd4baa59debc26ec30629627fc3b","909.438035715",""
"138","2025-09-21 07:39","0xaa8ea407fc9703220f7e7089ca88b284bee9bd4baa59debc26ec30629627fc3b","909.406881532",""
"139","2025-09-22 07:39","0xaa8ea407fc9703220f7e7089ca88b284bee9bd4baa59debc26ec30629627fc3b","909.375739915",""
"140","2025-09-23 07:39","0xaa8ea407fc9703220f7e7089ca88b284bee9bd4baa59debc26ec30629627fc3b","909.344611174",""
"141","2025-09-24 07:39","0xaa8ea407fc9703220f7e7089ca88b284bee9bd4baa59debc26ec30629627fc3b","909.055978226",""
"142","2025-09-25 07:39","0xaa8ea407fc9703220f7e7089ca88b284bee9bd4baa59debc26ec30629627fc3b","909.024889388",""
"143","2025-09-26 07:39","0xaa8ea407fc9703220f7e7089ca88b284bee9bd4baa59debc26ec30629627fc3b","908.993812323",""
"144","2025-09-27 07:40","0xaa8ea407fc9703220f7e7089ca88b284bee9bd4baa59debc26ec30629627fc3b","908.962746741",""
"145","2025-09-28 07:40","0xaa8ea407fc9703220f7e7089ca88b284bee9bd4baa59debc26ec30629627fc3b","908.931692974",""
"146","2025-09-29 07:40","0xaa8ea407fc9703220f7e7089ca88b284bee9bd4baa59debc26ec30629627fc3b","908.900650816",""
"147","2025-09-30 07:40","0xaa8ea407fc9703220f7e7089ca88b284bee9bd4baa59debc26ec30629627fc3b","908.520829772",""
"148","2025-10-01 07:40","0xaa8ea407fc9703220f7e7089ca88b284bee9bd4baa59debc26ec30629627fc3b","922.910369039",""
"149","2025-10-02 07:40","0xaa8ea407fc9703220f7e7089ca88b284bee9bd4baa59debc26ec30629627fc3b","922.912446270",""
"150","2025-10-03 07:40","0xaa8ea407fc9703220f7e7089ca88b284bee9bd4baa59debc26ec30629627fc3b","922.880425552",""
"125","2025-09-08 07:39","0xbfa62e08a8f526b1222881c34b8671aa83adf3305923f342ebc6fe1980a4acb4","990.823286428",""
"126","2025-09-09 07:39","0xbfa62e08a8f526b1222881c34b8671aa83adf3305923f342ebc6fe1980a4acb4","993.185106187",""
"127","2025-09-10 07:39","0xbfa62e08a8f526b1222881c34b8671aa83adf3305923f342ebc6fe1980a4acb4","990.343647206",""
"128","2025-09-11 07:39","0xbfa62e08a8f526b1222881c34b8671aa83adf3305923f342ebc6fe1980a4acb4","990.378304586",""
"129","2025-09-12 07:39","0xbfa62e08a8f526b1222881c34b8671aa83adf3305923f342ebc6fe1980a4acb4","997.166626112",""
"130","2025-09-13 07:39","0xbfa62e08a8f526b1222881c34b8671aa83adf3305923f342ebc6fe1980a4acb4","1008.939667772",""
"131","2025-09-14 07:39","0xbfa62e08a8f526b1222881c34b8671aa83adf3305923f342ebc6fe1980a4acb4","1002.828366797",""
"132","2025-09-15 07:39","0xbfa62e08a8f526b1222881c34b8671aa83adf3305923f342ebc6fe1980a4acb4","1002.904412968",""
"133","2025-09-16 07:39","0xbfa62e08a8f526b1222881c34b8671aa83adf3305923f342ebc6fe1980a4acb4","1005.471855582",""
"134","2025-09-17 07:39","0xbfa62e08a8f526b1222881c34b8671aa83adf3305923f342ebc6fe1980a4acb4","1004.663985952",""
"135","2025-09-18 07:39","0xbfa62e08a8f526b1222881c34b8671aa83adf3305923f342ebc6fe1980a4acb4","997.702832466",""
"136","2025-09-19 07:39","0xbfa62e08a8f526b1222881c34b8671aa83adf3305923f342ebc6fe1980a4acb4","997.285150178",""
"137","2025-09-20 07:39","0xbfa62e08a8f526b1222881c34b8671aa83adf3305923f342ebc6fe1980a4acb4","983.616942844",""
"138","2025-09-21 07:39","0xbfa62e08a8f526b1222881c34b8671aa83adf3305923f342ebc6fe1980a4acb4","990.143762383",""
"139","2025-09-22 07:39","0xbfa62e08a8f526b1222881c34b8671aa83adf3305923f342ebc6fe1980a4acb4","983.279325029",""
"140","2025-09-23 07:39","0xbfa62e08a8f526b1222881c34b8671aa83adf3305923f342ebc6fe1980a4acb4","983.439943623",""
"141","2025-09-24 07:39","0xbfa62e08a8f526b1222881c34b8671aa83adf3305923f342ebc6fe1980a4acb4","990.224230548",""
"142","2025-09-25 07:39","0xbfa62e08a8f526b1222881c34b8671aa83adf3305923f342ebc6fe1980a4acb4","997.109215506",""
"143","2025-09-26 07:39","0xbfa62e08a8f526b1222881c34b8671aa83adf3305923f342ebc6fe1980a4acb4","990.100500382",""
"144","2025-09-27 07:40","0xbfa62e08a8f526b1222881c34b8671aa83adf3305923f342ebc6fe1980a4acb4","983.781873841",""
"145","2025-09-28 07:40","0xbfa62e08a8f526b1222881c34b8671aa83adf3305923f342ebc6fe1980a4acb4","984.964808750",""
"146","2025-09-29 07:40","0xbfa62e08a8f526b1222881c34b8671aa83adf3305923f342ebc6fe1980a4acb4","984.934918192",""
"147","2025-09-30 07:40","0xbfa62e08a8f526b1222881c34b8671aa83adf3305923f342ebc6fe1980a4acb4","1005.235536102",""
"148","2025-10-01 07:40","0xbfa62e08a8f526b1222881c34b8671aa83adf3305923f342ebc6fe1980a4acb4","987.305175400",""
"149","2025-10-02 07:40","0xbfa62e08a8f526b1222881c34b8671aa83adf3305923f342ebc6fe1980a4acb4","996.519154471",""
"150","2025-10-03 07:40","0xbfa62e08a8f526b1222881c34b8671aa83adf3305923f342ebc6fe1980a4acb4","996.162130352",""
"125","2025-09-08 07:39","0xcba34e618be3cda338d89b1917217282e9724e3aaa3bab5a4be9a1162ba8198f","7611.072410114",""
"126","2025-09-09 07:39","0xcba34e618be3cda338d89b1917217282e9724e3aaa3bab5a4be9a1162ba8198f","7615.359354031",""
"127","2025-09-10 07:39","0xcba34e618be3cda338d89b1917217282e9724e3aaa3bab5a4be9a1162ba8198f","7600.412452724",""
"128","2025-09-11 07:39","0xcba34e618be3cda338d89b1917217282e9724e3aaa3bab5a4be9a1162ba8198f","-","Partial Unstake: TX: 62PPPSAk5KGsgv5ckSbSH84TELT1CGTJqc5LC72APSD | Amount: 3000000.000000000 IOTA | Rewards: 127061.427085981 IOTA | Principal: 24000000.000000000 IOTA → 21000000.000000000 IOTA ;; Partial Unstake: TX: 3cXBycfT1cZJbQX6MuQAifeLL6WELfm4mLdtTm9QLHB9 | Amount: 3000000.000000000 IOTA | Rewards: 127061.427085981 IOTA | Principal: 21000000.000000000 IOTA → 18000000.000000000 IOTA ;; Partial Unstake: TX: HADo423M8gZnYLZdD4Pjbye5DVrHDBjHJDohSqBJ6jbR | Amount: 3000000.000000000 IOTA | Rewards: 127061.427085981 IOTA | Principal: 18000000.000000000 IOTA → 15000000.000000000 IOTA ;; Partial Unstake: TX: GoFG7PCqcS1wTXoqLhQ1UsUxf7go5JmrEVhb6VqknNQd | Amount: 3000000.000000000 IOTA | Rewards: 127061.427085981 IOTA | Principal: 15000000.000000000 IOTA → 12000000.000000000 IOTA ;; Partial Unstake: TX: 6RgMoTR2ug3ibfCbAJ1pSpkkqnWaiyGMJyvoXZcJ3JpA | Amount: 3000000.000000000 IOTA | Rewards: 127061.427085981 IOTA | Principal: 12000000.000000000 IOTA → 9000000.000000000 IOTA ;; Partial Unstake: TX: GVVPSfV1Nx1DxUZdk1oaQhbNF6gY88H9wofRVKdSkovH | Amount: 3000000.000000000 IOTA | Rewards: 127061.427085981 IOTA | Principal: 9000000.000000000 IOTA → 6000000.000000000 IOTA ;; Partial Unstake: TX: 7GJy7h4FuxCtQMwat6CMTEpYenb9yLH9UqmPiqGwzwYK | Amount: 3000000.000000000 IOTA | Rewards: 127061.427085981 IOTA | Principal: 6000000.000000000 IOTA → 3000000.000000000 IOTA ;; Unstaked: TX: 9djKeN8C8hEFzKo47nsW7paayGy1hiEU5rzrVu9oemNM | Amount: 3000000.000000000 IOTA | Rewards: 127061.427085981 IOTA"
"125","2025-09-08 07:39","0xa6d42dcb4e3ba4f17054e287172c9828ec6f85ce88a8d7b8e2d72230b7fb53db","948.976739410",""
"126","2025-09-09 07:39","0xa6d42dcb4e3ba4f17054e287172c9828ec6f85ce88a8d7b8e2d72230b7fb53db","920.780056170",""
"127","2025-09-10 07:39","0xa6d42dcb4e3ba4f17054e287172c9828ec6f85ce88a8d7b8e2d72230b7fb53db","924.918659083",""
"128","2025-09-11 07:39","0xa6d42dcb4e3ba4f17054e287172c9828ec6f85ce88a8d7b8e2d72230b7fb53db","925.352766835",""
"129","2025-09-12 07:39","0xa6d42dcb4e3ba4f17054e287172c9828ec6f85ce88a8d7b8e2d72230b7fb53db","943.090385843",""
"130","2025-09-13 07:39","0xa6d42dcb4e3ba4f17054e287172c9828ec6f85ce88a8d7b8e2d72230b7fb53db","953.112969324",""
"131","2025-09-14 07:39","0xa6d42dcb4e3ba4f17054e287172c9828ec6f85ce88a8d7b8e2d72230b7fb53db","937.765896453",""
"132","2025-09-15 07:39","0xa6d42dcb4e3ba4f17054e287172c9828ec6f85ce88a8d7b8e2d72230b7fb53db","931.455093513",""
"133","2025-09-16 07:39","0xa6d42dcb4e3ba4f17054e287172c9828ec6f85ce88a8d7b8e2d72230b7fb53db","934.617494309",""
"134","2025-09-17 07:39","0xa6d42dcb4e3ba4f17054e287172c9828ec6f85ce88a8d7b8e2d72230b7fb53db","936.270214752",""
"135","2025-09-18 07:39","0xa6d42dcb4e3ba4f17054e287172c9828ec6f85ce88a8d7b8e2d72230b7fb53db","935.454164195",""
"136","2025-09-19 07:39","0xa6d42dcb4e3ba4f17054e287172c9828ec6f85ce88a8d7b8e2d72230b7fb53db","930.957260463",""
"137","2025-09-20 07:39","0xa6d42dcb4e3ba4f17054e287172c9828ec6f85ce88a8d7b8e2d72230b7fb53db","924.043510537",""
"138","2025-09-21 07:39","0xa6d42dcb4e3ba4f17054e287172c9828ec6f85ce88a8d7b8e2d72230b7fb53db","922.025392878",""
"139","2025-09-22 07:39","0xa6d42dcb4e3ba4f17054e287172c9828ec6f85ce88a8d7b8e2d72230b7fb53db","920.583276844",""
"140","2025-09-23 07:39","0xa6d42dcb4e3ba4f17054e287172c9828ec6f85ce88a8d7b8e2d72230b7fb53db","921.142867444",""
"141","2025-09-24 07:39","0xa6d42dcb4e3ba4f17054e287172c9828ec6f85ce88a8d7b8e2d72230b7fb53db","921.649099303",""
"142","2025-09-25 07:39","0xa6d42dcb4e3ba4f17054e287172c9828ec6f85ce88a8d7b8e2d72230b7fb53db","920.743817109",""
"143","2025-09-26 07:39","0xa6d42dcb4e3ba4f17054e287172c9828ec6f85ce88a8d7b8e2d72230b7fb53db","922.123473632",""
"144","2025-09-27 07:40","0xa6d42dcb4e3ba4f17054e287172c9828ec6f85ce88a8d7b8e2d72230b7fb53db","919.940441574",""
"145","2025-09-28 07:40","0xa6d42dcb4e3ba4f17054e287172c9828ec6f85ce88a8d7b8e2d72230b7fb53db","921.372987127",""
"146","2025-09-29 07:40","0xa6d42dcb4e3ba4f17054e287172c9828ec6f85ce88a8d7b8e2d72230b7fb53db","919.442658359",""
"147","2025-09-30 07:40","0xa6d42dcb4e3ba4f17054e287172c9828ec6f85ce88a8d7b8e2d72230b7fb53db","932.700929769",""
"148","2025-10-01 07:40","0xa6d42dcb4e3ba4f17054e287172c9828ec6f85ce88a8d7b8e2d72230b7fb53db","920.568793442",""
"149","2025-10-02 07:40","0xa6d42dcb4e3ba4f17054e287172c9828ec6f85ce88a8d7b8e2d72230b7fb53db","943.108329839",""
"150","2025-10-03 07:40","0xa6d42dcb4e3ba4f17054e287172c9828ec6f85ce88a8d7b8e2d72230b7fb53db","932.942991709",""
"125","2025-09-08 07:39","0xe964a08c10218e4518b82116fc4391ba5f083a5371c4912f01eb30743389ba2f","992.179859767",""
"126","2025-09-09 07:39","0xe964a08c10218e4518b82116fc4391ba5f083a5371c4912f01eb30743389ba2f","992.142660460",""
"127","2025-09-10 07:39","0xe964a08c10218e4518b82116fc4391ba5f083a5371c4912f01eb30743389ba2f","957.894942517",""
"128","2025-09-11 07:39","0xe964a08c10218e4518b82116fc4391ba5f083a5371c4912f01eb30743389ba2f","958.023367136",""
"129","2025-09-12 07:39","0xe964a08c10218e4518b82116fc4391ba5f083a5371c4912f01eb30743389ba2f","992.405205200",""
"130","2025-09-13 07:39","0xe964a08c10218e4518b82116fc4391ba5f083a5371c4912f01eb30743389ba2f","992.364695713",""
"131","2025-09-14 07:39","0xe964a08c10218e4518b82116fc4391ba5f083a5371c4912f01eb30743389ba2f","992.327544754",""
"132","2025-09-15 07:39","0xe964a08c10218e4518b82116fc4391ba5f083a5371c4912f01eb30743389ba2f","991.123126551",""
"133","2025-09-16 07:39","0xe964a08c10218e4518b82116fc4391ba5f083a5371c4912f01eb30743389ba2f","991.086092904",""
"134","2025-09-17 07:39","0xe964a08c10218e4518b82116fc4391ba5f083a5371c4912f01eb30743389ba2f","956.874968357",""
"135","2025-09-18 07:39","0xe964a08c10218e4518b82116fc4391ba5f083a5371c4912f01eb30743389ba2f","956.840472461",""
"136","2025-09-19 07:39","0xe964a08c10218e4518b82116fc4391ba5f083a5371c4912f01eb30743389ba2f","956.805991225",""
"137","2025-09-20 07:39","0xe964a08c10218e4518b82116fc4391ba5f083a5371c4912f01eb30743389ba2f","956.753869135",""
"138","2025-09-21 07:39","0xe964a08c10218e4518b82116fc4391ba5f083a5371c4912f01eb30743389ba2f","922.550864192",""
"139","2025-09-22 07:39","0xe964a08c10218e4518b82116fc4391ba5f083a5371c4912f01eb30743389ba2f","922.518839942",""
"140","2025-09-23 07:39","0xe964a08c10218e4518b82116fc4391ba5f083a5371c4912f01eb30743389ba2f","922.486829084",""
"141","2025-09-24 07:39","0xe964a08c10218e4518b82116fc4391ba5f083a5371c4912f01eb30743389ba2f","956.619821689",""
"142","2025-09-25 07:39","0xe964a08c10218e4518b82116fc4391ba5f083a5371c4912f01eb30743389ba2f","956.585421210",""
"143","2025-09-26 07:39","0xe964a08c10218e4518b82116fc4391ba5f083a5371c4912f01eb30743389ba2f","922.388497475",""
"144","2025-09-27 07:40","0xe964a08c10218e4518b82116fc4391ba5f083a5371c4912f01eb30743389ba2f","922.356535050",""
"145","2025-09-28 07:40","0xe964a08c10218e4518b82116fc4391ba5f083a5371c4912f01eb30743389ba2f","922.324584949",""
"146","2025-09-29 07:40","0xe964a08c10218e4518b82116fc4391ba5f083a5371c4912f01eb30743389ba2f","922.292646958",""
"147","2025-09-30 07:40","0xe964a08c10218e4518b82116fc4391ba5f083a5371c4912f01eb30743389ba2f","956.418541611",""
"148","2025-10-01 07:40","0xe964a08c10218e4518b82116fc4391ba5f083a5371c4912f01eb30743389ba2f","957.892534456",""
"149","2025-10-02 07:40","0xe964a08c10218e4518b82116fc4391ba5f083a5371c4912f01eb30743389ba2f","924.312737834",""
"150","2025-10-03 07:40","0xe964a08c10218e4518b82116fc4391ba5f083a5371c4912f01eb30743389ba2f","958.513263296",""
"125","2025-09-08 07:39","0x7531189a7b9a10e920e215279d2e141589a0a0ff39e997c3111eaa46dac8ff6d","988.957999034",""
"126","2025-09-09 07:39","0x7531189a7b9a10e920e215279d2e141589a0a0ff39e997c3111eaa46dac8ff6d","989.861677538",""
"127","2025-09-10 07:39","0x7531189a7b9a10e920e215279d2e141589a0a0ff39e997c3111eaa46dac8ff6d","989.803293519",""
"128","2025-09-11 07:39","0x7531189a7b9a10e920e215279d2e141589a0a0ff39e997c3111eaa46dac8ff6d","996.173713193",""
"129","2025-09-12 07:39","0x7531189a7b9a10e920e215279d2e141589a0a0ff39e997c3111eaa46dac8ff6d","1003.975291955",""
"130","2025-09-13 07:39","0x7531189a7b9a10e920e215279d2e141589a0a0ff39e997c3111eaa46dac8ff6d","1004.055701399",""
"131","2025-09-14 07:39","0x7531189a7b9a10e920e215279d2e141589a0a0ff39e997c3111eaa46dac8ff6d","1004.083864032",""
"132","2025-09-15 07:39","0x7531189a7b9a10e920e215279d2e141589a0a0ff39e997c3111eaa46dac8ff6d","1005.288132527",""
"133","2025-09-16 07:39","0x7531189a7b9a10e920e215279d2e141589a0a0ff39e997c3111eaa46dac8ff6d","997.859666328",""
"134","2025-09-17 07:39","0x7531189a7b9a10e920e215279d2e141589a0a0ff39e997c3111eaa46dac8ff6d","1003.159740431",""
"135","2025-09-18 07:39","0x7531189a7b9a10e920e215279d2e141589a0a0ff39e997c3111eaa46dac8ff6d","1003.286905746",""
"136","2025-09-19 07:39","0x7531189a7b9a10e920e215279d2e141589a0a0ff39e997c3111eaa46dac8ff6d","995.479055625",""
"137","2025-09-20 07:39","0x7531189a7b9a10e920e215279d2e141589a0a0ff39e997c3111eaa46dac8ff6d","979.835284088",""
"138","2025-09-21 07:39","0x7531189a7b9a10e920e215279d2e141589a0a0ff39e997c3111eaa46dac8ff6d","987.367558110",""
"139","2025-09-22 07:39","0x7531189a7b9a10e920e215279d2e141589a0a0ff39e997c3111eaa46dac8ff6d","987.970375106",""
"140","2025-09-23 07:39","0x7531189a7b9a10e920e215279d2e141589a0a0ff39e997c3111eaa46dac8ff6d","988.547407559",""
"141","2025-09-24 07:39","0x7531189a7b9a10e920e215279d2e141589a0a0ff39e997c3111eaa46dac8ff6d","987.809597149",""
"142","2025-09-25 07:39","0x7531189a7b9a10e920e215279d2e141589a0a0ff39e997c3111eaa46dac8ff6d","987.764328781",""
"143","2025-09-26 07:39","0x7531189a7b9a10e920e215279d2e141589a0a0ff39e997c3111eaa46dac8ff6d","988.701371747",""
"144","2025-09-27 07:40","0x7531189a7b9a10e920e215279d2e141589a0a0ff39e997c3111eaa46dac8ff6d","988.515448437",""
"145","2025-09-28 07:40","0x7531189a7b9a10e920e215279d2e141589a0a0ff39e997c3111eaa46dac8ff6d","992.148802416",""
"146","2025-09-29 07:40","0x7531189a7b9a10e920e215279d2e141589a0a0ff39e997c3111eaa46dac8ff6d","984.672736807",""
"147","2025-09-30 07:40","0x7531189a7b9a10e920e215279d2e141589a0a0ff39e997c3111eaa46dac8ff6d","984.837271078",""
"148","2025-10-01 07:40","0x7531189a7b9a10e920e215279d2e141589a0a0ff39e997c3111eaa46dac8ff6d","982.628111906",""
"149","2025-10-02 07:40","0x7531189a7b9a10e920e215279d2e141589a0a0ff39e997c3111eaa46dac8ff6d","984.729039220",""
"150","2025-10-03 07:40","0x7531189a7b9a10e920e215279d2e141589a0a0ff39e997c3111eaa46dac8ff6d","993.066122123",""
"125","2025-09-08 07:39","0x6da68dc755dd4cc165ed965ed33d9e63d1dea391ebc4fd74d516a3bc2ec31104","637.835959008",""
"126","2025-09-09 07:39","0x6da68dc755dd4cc165ed965ed33d9e63d1dea391ebc4fd74d516a3bc2ec31104","638.418793311",""
"127","2025-09-10 07:39","0x6da68dc755dd4cc165ed965ed33d9e63d1dea391ebc4fd74d516a3bc2ec31104","638.381138095",""
"128","2025-09-11 07:39","0x6da68dc755dd4cc165ed965ed33d9e63d1dea391ebc4fd74d516a3bc2ec31104","642.489788559",""
"129","2025-09-12 07:39","0x6da68dc755dd4cc165ed965ed33d9e63d1dea391ebc4fd74d516a3bc2ec31104","647.521475928",""
"130","2025-09-13 07:39","0x6da68dc755dd4cc165ed965ed33d9e63d1dea391ebc4fd74d516a3bc2ec31104","647.573336609",""
"131","2025-09-14 07:39","0x6da68dc755dd4cc165ed965ed33d9e63d1dea391ebc4fd74d516a3bc2ec31104","647.591500312",""
"132","2025-09-15 07:39","0x6da68dc755dd4cc165ed965ed33d9e63d1dea391ebc4fd74d516a3bc2ec31104","648.368202407",""
"133","2025-09-16 07:39","0x6da68dc755dd4cc165ed965ed33d9e63d1dea391ebc4fd74d516a3bc2ec31104","643.577156816",""
"134","2025-09-17 07:39","0x6da68dc755dd4cc165ed965ed33d9e63d1dea391ebc4fd74d516a3bc2ec31104","646.995479790",""
"135","2025-09-18 07:39","0x6da68dc755dd4cc165ed965ed33d9e63d1dea391ebc4fd74d516a3bc2ec31104","647.077496023",""
"136","2025-09-19 07:39","0x6da68dc755dd4cc165ed965ed33d9e63d1dea391ebc4fd74d516a3bc2ec31104","642.041763894",""
"137","2025-09-20 07:39","0x6da68dc755dd4cc165ed965ed33d9e63d1dea391ebc4fd74d516a3bc2ec31104","631.952194843",""
"138","2025-09-21 07:39","0x6da68dc755dd4cc165ed965ed33d9e63d1dea391ebc4fd74d516a3bc2ec31104","636.810192077",""
"139","2025-09-22 07:39","0x6da68dc755dd4cc165ed965ed33d9e63d1dea391ebc4fd74d516a3bc2ec31104","637.198983469",""
"140","2025-09-23 07:39","0x6da68dc755dd4cc165ed965ed33d9e63d1dea391ebc4fd74d516a3bc2ec31104","637.571144924",""
"141","2025-09-24 07:39","0x6da68dc755dd4cc165ed965ed33d9e63d1dea391ebc4fd74d516a3bc2ec31104","637.095288507",""
"142","2025-09-25 07:39","0x6da68dc755dd4cc165ed965ed33d9e63d1dea391ebc4fd74d516a3bc2ec31104","637.066092329",""
"143","2025-09-26 07:39","0x6da68dc755dd4cc165ed965ed33d9e63d1dea391ebc4fd74d516a3bc2ec31104","637.670445295",""
"144","2025-09-27 07:40","0x6da68dc755dd4cc165ed965ed33d9e63d1dea391ebc4fd74d516a3bc2ec31104","637.550532646",""
"145","2025-09-28 07:40","0x6da68dc755dd4cc165ed965ed33d9e63d1dea391ebc4fd74d516a3bc2ec31104","639.893891840",""
"146","2025-09-29 07:40","0x6da68dc755dd4cc165ed965ed33d9e63d1dea391ebc4fd74d516a3bc2ec31104","635.072146648",""
"147","2025-09-30 07:40","0x6da68dc755dd4cc165ed965ed33d9e63d1dea391ebc4fd74d516a3bc2ec31104","635.178264272",""
"148","2025-10-01 07:40","0x6da68dc755dd4cc165ed965ed33d9e63d1dea391ebc4fd74d516a3bc2ec31104","633.753450318",""
"149","2025-10-02 07:40","0x6da68dc755dd4cc165ed965ed33d9e63d1dea391ebc4fd74d516a3bc2ec31104","635.108459316",""
"150","2025-10-03 07:40","0x6da68dc755dd4cc165ed965ed33d9e63d1dea391ebc4fd74d516a3bc2ec31104","640.485524139",""
"125","2025-09-08 07:39","0x3be80bf69f9ba681051be1c409509387dd0481a431f85806a75e5a08ab759fb7","908.795587057",""
"126","2025-09-09 07:39","0x3be80bf69f9ba681051be1c409509387dd0481a431f85806a75e5a08ab759fb7","908.774854094",""
"127","2025-09-10 07:39","0x3be80bf69f9ba681051be1c409509387dd0481a431f85806a75e5a08ab759fb7","908.834962151",""
"128","2025-09-11 07:39","0x3be80bf69f9ba681051be1c409509387dd0481a431f85806a75e5a08ab759fb7","908.991131290",""
"129","2025-09-12 07:39","0x3be80bf69f9ba681051be1c409509387dd0481a431f85806a75e5a08ab759fb7","916.471930811",""
"130","2025-09-13 07:39","0x3be80bf69f9ba681051be1c409509387dd0481a431f85806a75e5a08ab759fb7","917.077656425",""
"131","2025-09-14 07:39","0x3be80bf69f9ba681051be1c409509387dd0481a431f85806a75e5a08ab759fb7","917.136397892",""
"132","2025-09-15 07:39","0x3be80bf69f9ba681051be1c409509387dd0481a431f85806a75e5a08ab759fb7","917.132888718",""
"133","2025-09-16 07:39","0x3be80bf69f9ba681051be1c409509387dd0481a431f85806a75e5a08ab759fb7","921.806145090",""
"134","2025-09-17 07:39","0x3be80bf69f9ba681051be1c409509387dd0481a431f85806a75e5a08ab759fb7","914.201505528",""
"135","2025-09-18 07:39","0x3be80bf69f9ba681051be1c409509387dd0481a431f85806a75e5a08ab759fb7","914.169940176",""
"136","2025-09-19 07:39","0x3be80bf69f9ba681051be1c409509387dd0481a431f85806a75e5a08ab759fb7","914.138387749",""
"137","2025-09-20 07:39","0x3be80bf69f9ba681051be1c409509387dd0481a431f85806a75e5a08ab759fb7","898.997642507",""
"138","2025-09-21 07:39","0x3be80bf69f9ba681051be1c409509387dd0481a431f85806a75e5a08ab759fb7","906.521491613",""
"139","2025-09-22 07:39","0x3be80bf69f9ba681051be1c409509387dd0481a431f85806a75e5a08ab759fb7","906.490492743",""
"140","2025-09-23 07:39","0x3be80bf69f9ba681051be1c409509387dd0481a431f85806a75e5a08ab759fb7","906.835494810",""
"141","2025-09-24 07:39","0x3be80bf69f9ba681051be1c409509387dd0481a431f85806a75e5a08ab759fb7","906.804492352",""
"142","2025-09-25 07:39","0x3be80bf69f9ba681051be1c409509387dd0481a431f85806a75e5a08ab759fb7","906.773502754",""
"143","2025-09-26 07:39","0x3be80bf69f9ba681051be1c409509387dd0481a431f85806a75e5a08ab759fb7","906.742524884",""
"144","2025-09-27 07:40","0x3be80bf69f9ba681051be1c409509387dd0481a431f85806a75e5a08ab759fb7","907.028979430",""
"145","2025-09-28 07:40","0x3be80bf69f9ba681051be1c409509387dd0481a431f85806a75e5a08ab759fb7","906.998003094",""
"146","2025-09-29 07:40","0x3be80bf69f9ba681051be1c409509387dd0481a431f85806a75e5a08ab759fb7","906.967038332",""
"147","2025-09-30 07:40","0x3be80bf69f9ba681051be1c409509387dd0481a431f85806a75e5a08ab759fb7","907.151805251",""
"148","2025-10-01 07:40","0x3be80bf69f9ba681051be1c409509387dd0481a431f85806a75e5a08ab759fb7","899.737511622",""
"149","2025-10-02 07:40","0x3be80bf69f9ba681051be1c409509387dd0481a431f85806a75e5a08ab759fb7","902.428855084",""
"150","2025-10-03 07:40","0x3be80bf69f9ba681051be1c409509387dd0481a431f85806a75e5a08ab759fb7","909.764061420",""
"125","2025-09-08 07:39","0x9d714c98ea7035cb28aa1c091eba4e667477212ad1c197d4f613e98f7421757b","999.013031517",""
"126","2025-09-09 07:39","0x9d714c98ea7035cb28aa1c091eba4e667477212ad1c197d4f613e98f7421757b","1003.056324336",""
"127","2025-09-10 07:39","0x9d714c98ea7035cb28aa1c091eba4e667477212ad1c197d4f613e98f7421757b","993.290908548",""
"128","2025-09-11 07:39","0x9d714c98ea7035cb28aa1c091eba4e667477212ad1c197d4f613e98f7421757b","993.201138089",""
"129","2025-09-12 07:39","0x9d714c98ea7035cb28aa1c091eba4e667477212ad1c197d4f613e98f7421757b","1002.939520313",""
"130","2025-09-13 07:39","0x9d714c98ea7035cb28aa1c091eba4e667477212ad1c197d4f613e98f7421757b","1002.932556387",""
"131","2025-09-14 07:39","0x9d714c98ea7035cb28aa1c091eba4e667477212ad1c197d4f613e98f7421757b","1002.339313834",""
"132","2025-09-15 07:39","0x9d714c98ea7035cb28aa1c091eba4e667477212ad1c197d4f613e98f7421757b","1002.432601448",""
"133","2025-09-16 07:39","0x9d714c98ea7035cb28aa1c091eba4e667477212ad1c197d4f613e98f7421757b","1003.020924742",""
"134","2025-09-17 07:39","0x9d714c98ea7035cb28aa1c091eba4e667477212ad1c197d4f613e98f7421757b","1010.285488935",""
"135","2025-09-18 07:39","0x9d714c98ea7035cb28aa1c091eba4e667477212ad1c197d4f613e98f7421757b","1001.009825631",""
"136","2025-09-19 07:39","0x9d714c98ea7035cb28aa1c091eba4e667477212ad1c197d4f613e98f7421757b","1001.002904130",""
"137","2025-09-20 07:39","0x9d714c98ea7035cb28aa1c091eba4e667477212ad1c197d4f613e98f7421757b","982.451043880",""
"138","2025-09-21 07:39","0x9d714c98ea7035cb28aa1c091eba4e667477212ad1c197d4f613e98f7421757b","990.981063705",""
"139","2025-09-22 07:39","0x9d714c98ea7035cb28aa1c091eba4e667477212ad1c197d4f613e98f7421757b","990.980505111",""
"140","2025-09-23 07:39","0x9d714c98ea7035cb28aa1c091eba4e667477212ad1c197d4f613e98f7421757b","981.712294298",""
"141","2025-09-24 07:39","0x9d714c98ea7035cb28aa1c091eba4e667477212ad1c197d4f613e98f7421757b","990.963884019",""
"142","2025-09-25 07:39","0x9d714c98ea7035cb28aa1c091eba4e667477212ad1c197d4f613e98f7421757b","981.605532041",""
"143","2025-09-26 07:39","0x9d714c98ea7035cb28aa1c091eba4e667477212ad1c197d4f613e98f7421757b","981.598891037",""
"144","2025-09-27 07:40","0x9d714c98ea7035cb28aa1c091eba4e667477212ad1c197d4f613e98f7421757b","990.753655184",""
"145","2025-09-28 07:40","0x9d714c98ea7035cb28aa1c091eba4e667477212ad1c197d4f613e98f7421757b","983.080389863",""
"146","2025-09-29 07:40","0x9d714c98ea7035cb28aa1c091eba4e667477212ad1c197d4f613e98f7421757b","982.606443737",""
"147","2025-09-30 07:40","0x9d714c98ea7035cb28aa1c091eba4e667477212ad1c197d4f613e98f7421757b","991.782903757",""
"148","2025-10-01 07:40","0x9d714c98ea7035cb28aa1c091eba4e667477212ad1c197d4f613e98f7421757b","992.177485638",""
"149","2025-10-02 07:40","0x9d714c98ea7035cb28aa1c091eba4e667477212ad1c197d4f613e98f7421757b","993.708314350",""
"150","2025-10-03 07:40","0x9d714c98ea7035cb28aa1c091eba4e667477212ad1c197d4f613e98f7421757b","994.143408257",""
"125","2025-09-08 07:39","0x5550812a50894c46b0335c652d387f30b9b1184cb10973af03867dc8a362c23f","984.860907089",""
"126","2025-09-09 07:39","0x5550812a50894c46b0335c652d387f30b9b1184cb10973af03867dc8a362c23f","997.625267153",""
"127","2025-09-10 07:39","0x5550812a50894c46b0335c652d387f30b9b1184cb10973af03867dc8a362c23f","998.127100032",""
"128","2025-09-11 07:39","0x5550812a50894c46b0335c652d387f30b9b1184cb10973af03867dc8a362c23f","999.732133806",""
"129","2025-09-12 07:39","0x5550812a50894c46b0335c652d387f30b9b1184cb10973af03867dc8a362c23f","999.729611976",""
"130","2025-09-13 07:39","0x5550812a50894c46b0335c652d387f30b9b1184cb10973af03867dc8a362c23f","998.101189349",""
"131","2025-09-14 07:39","0x5550812a50894c46b0335c652d387f30b9b1184cb10973af03867dc8a362c23f","998.083399348",""
"132","2025-09-15 07:39","0x5550812a50894c46b0335c652d387f30b9b1184cb10973af03867dc8a362c23f","997.655504778",""
"133","2025-09-16 07:39","0x5550812a50894c46b0335c652d387f30b9b1184cb10973af03867dc8a362c23f","997.362795038",""
"134","2025-09-17 07:39","0x5550812a50894c46b0335c652d387f30b9b1184cb10973af03867dc8a362c23f","998.465184894",""
"135","2025-09-18 07:39","0x5550812a50894c46b0335c652d387f30b9b1184cb10973af03867dc8a362c23f","999.526977544",""
"136","2025-09-19 07:39","0x5550812a50894c46b0335c652d387f30b9b1184cb10973af03867dc8a362c23f","991.615969325",""
"137","2025-09-20 07:39","0x5550812a50894c46b0335c652d387f30b9b1184cb10973af03867dc8a362c23f","971.026134595",""
"138","2025-09-21 07:39","0x5550812a50894c46b0335c652d387f30b9b1184cb10973af03867dc8a362c23f","983.511371174",""
"139","2025-09-22 07:39","0x5550812a50894c46b0335c652d387f30b9b1184cb10973af03867dc8a362c23f","962.835632002",""
"140","2025-09-23 07:39","0x5550812a50894c46b0335c652d387f30b9b1184cb10973af03867dc8a362c23f","963.725231884",""
"141","2025-09-24 07:39","0x5550812a50894c46b0335c652d387f30b9b1184cb10973af03867dc8a362c23f","963.708607957",""
"142","2025-09-25 07:39","0x5550812a50894c46b0335c652d387f30b9b1184cb10973af03867dc8a362c23f","964.456959914",""
"143","2025-09-26 07:39","0x5550812a50894c46b0335c652d387f30b9b1184cb10973af03867dc8a362c23f","977.828531609",""
"144","2025-09-27 07:40","0x5550812a50894c46b0335c652d387f30b9b1184cb10973af03867dc8a362c23f","977.923602958",""
"145","2025-09-28 07:40","0x5550812a50894c46b0335c652d387f30b9b1184cb10973af03867dc8a362c23f","977.906603699",""
"146","2025-09-29 07:40","0x5550812a50894c46b0335c652d387f30b9b1184cb10973af03867dc8a362c23f","977.889610580",""
"147","2025-09-30 07:40","0x5550812a50894c46b0335c652d387f30b9b1184cb10973af03867dc8a362c23f","977.876119750",""
"148","2025-10-01 07:40","0x5550812a50894c46b0335c652d387f30b9b1184cb10973af03867dc8a362c23f","978.033065962",""
"149","2025-10-02 07:40","0x5550812a50894c46b0335c652d387f30b9b1184cb10973af03867dc8a362c23f","1016.882260685",""
"150","2025-10-03 07:40","0x5550812a50894c46b0335c652d387f30b9b1184cb10973af03867dc8a362c23f","1000.571881613",""
"125","2025-09-08 07:39","0x9f5bc1dbdc77a1603835318928fcb4bfb8b80b59638ea86579aecdadb00e6a58","990.663736751",""
"126","2025-09-09 07:39","0x9f5bc1dbdc77a1603835318928fcb4bfb8b80b59638ea86579aecdadb00e6a58","990.626594287",""
"127","2025-09-10 07:39","0x9f5bc1dbdc77a1603835318928fcb4bfb8b80b59638ea86579aecdadb00e6a58","956.431209349",""
"128","2025-09-11 07:39","0x9f5bc1dbdc77a1603835318928fcb4bfb8b80b59638ea86579aecdadb00e6a58","956.559437726",""
"129","2025-09-12 07:39","0x9f5bc1dbdc77a1603835318928fcb4bfb8b80b59638ea86579aecdadb00e6a58","990.888737839",""
"130","2025-09-13 07:39","0x9f5bc1dbdc77a1603835318928fcb4bfb8b80b59638ea86579aecdadb00e6a58","990.848290254",""
"131","2025-09-14 07:39","0x9f5bc1dbdc77a1603835318928fcb4bfb8b80b59638ea86579aecdadb00e6a58","990.811196064",""
"132","2025-09-15 07:39","0x9f5bc1dbdc77a1603835318928fcb4bfb8b80b59638ea86579aecdadb00e6a58","989.608618300",""
"133","2025-09-16 07:39","0x9f5bc1dbdc77a1603835318928fcb4bfb8b80b59638ea86579aecdadb00e6a58","989.571641243",""
"134","2025-09-17 07:39","0x9f5bc1dbdc77a1603835318928fcb4bfb8b80b59638ea86579aecdadb00e6a58","955.412793783",""
"135","2025-09-18 07:39","0x9f5bc1dbdc77a1603835318928fcb4bfb8b80b59638ea86579aecdadb00e6a58","955.378350600",""
"136","2025-09-19 07:39","0x9f5bc1dbdc77a1603835318928fcb4bfb8b80b59638ea86579aecdadb00e6a58","955.343922054",""
"137","2025-09-20 07:39","0x9f5bc1dbdc77a1603835318928fcb4bfb8b80b59638ea86579aecdadb00e6a58","955.291879610",""
"138","2025-09-21 07:39","0x9f5bc1dbdc77a1603835318928fcb4bfb8b80b59638ea86579aecdadb00e6a58","921.141139346",""
"139","2025-09-22 07:39","0x9f5bc1dbdc77a1603835318928fcb4bfb8b80b59638ea86579aecdadb00e6a58","921.109164033",""
"140","2025-09-23 07:39","0x9f5bc1dbdc77a1603835318928fcb4bfb8b80b59638ea86579aecdadb00e6a58","921.077202089",""
"141","2025-09-24 07:39","0x9f5bc1dbdc77a1603835318928fcb4bfb8b80b59638ea86579aecdadb00e6a58","955.158036999",""
"142","2025-09-25 07:39","0x9f5bc1dbdc77a1603835318928fcb4bfb8b80b59638ea86579aecdadb00e6a58","955.123689085",""
"143","2025-09-26 07:39","0x9f5bc1dbdc77a1603835318928fcb4bfb8b80b59638ea86579aecdadb00e6a58","920.979020738",""
"144","2025-09-27 07:40","0x9f5bc1dbdc77a1603835318928fcb4bfb8b80b59638ea86579aecdadb00e6a58","920.947107155",""
"145","2025-09-28 07:40","0x9f5bc1dbdc77a1603835318928fcb4bfb8b80b59638ea86579aecdadb00e6a58","920.915205875",""
"146","2025-09-29 07:40","0x9f5bc1dbdc77a1603835318928fcb4bfb8b80b59638ea86579aecdadb00e6a58","920.883316687",""
"147","2025-09-30 07:40","0x9f5bc1dbdc77a1603835318928fcb4bfb8b80b59638ea86579aecdadb00e6a58","954.957064492",""
"148","2025-10-01 07:40","0x9f5bc1dbdc77a1603835318928fcb4bfb8b80b59638ea86579aecdadb00e6a58","956.428804967",""
"149","2025-10-02 07:40","0x9f5bc1dbdc77a1603835318928fcb4bfb8b80b59638ea86579aecdadb00e6a58","922.900320718",""
"150","2025-10-03 07:40","0x9f5bc1dbdc77a1603835318928fcb4bfb8b80b59638ea86579aecdadb00e6a58","957.048585288",""
"125","2025-09-08 07:39","0x6a4df47701711f479c2f9bd7113de7589dac9c55b2cb51a748d83316fb71e552","986.400814878",""
"126","2025-09-09 07:39","0x6a4df47701711f479c2f9bd7113de7589dac9c55b2cb51a748d83316fb71e552","986.394057378",""
"127","2025-09-10 07:39","0x6a4df47701711f479c2f9bd7113de7589dac9c55b2cb51a748d83316fb71e552","987.837177284",""
"128","2025-09-11 07:39","0x6a4df47701711f479c2f9bd7113de7589dac9c55b2cb51a748d83316fb71e552","992.116506357",""
"129","2025-09-12 07:39","0x6a4df47701711f479c2f9bd7113de7589dac9c55b2cb51a748d83316fb71e552","1000.489142339",""
"130","2025-09-13 07:39","0x6a4df47701711f479c2f9bd7113de7589dac9c55b2cb51a748d83316fb71e552","1000.482198992",""
"131","2025-09-14 07:39","0x6a4df47701711f479c2f9bd7113de7589dac9c55b2cb51a748d83316fb71e552","1001.035758484",""
"132","2025-09-15 07:39","0x6a4df47701711f479c2f9bd7113de7589dac9c55b2cb51a748d83316fb71e552","1001.108066291",""
"133","2025-09-16 07:39","0x6a4df47701711f479c2f9bd7113de7589dac9c55b2cb51a748d83316fb71e552","1001.089859862",""
"134","2025-09-17 07:39","0x6a4df47701711f479c2f9bd7113de7589dac9c55b2cb51a748d83316fb71e552","1001.082918182",""
"135","2025-09-18 07:39","0x6a4df47701711f479c2f9bd7113de7589dac9c55b2cb51a748d83316fb71e552","1000.947147359",""
"136","2025-09-19 07:39","0x6a4df47701711f479c2f9bd7113de7589dac9c55b2cb51a748d83316fb71e552","1003.062768475",""
"137","2025-09-20 07:39","0x6a4df47701711f479c2f9bd7113de7589dac9c55b2cb51a748d83316fb71e552","984.684678256",""
"138","2025-09-21 07:39","0x6a4df47701711f479c2f9bd7113de7589dac9c55b2cb51a748d83316fb71e552","984.602594263",""
"139","2025-09-22 07:39","0x6a4df47701711f479c2f9bd7113de7589dac9c55b2cb51a748d83316fb71e552","984.595890678",""
"140","2025-09-23 07:39","0x6a4df47701711f479c2f9bd7113de7589dac9c55b2cb51a748d83316fb71e552","984.589190666",""
"141","2025-09-24 07:39","0x6a4df47701711f479c2f9bd7113de7589dac9c55b2cb51a748d83316fb71e552","993.457333752",""
"142","2025-09-25 07:39","0x6a4df47701711f479c2f9bd7113de7589dac9c55b2cb51a748d83316fb71e552","991.707345475",""
"143","2025-09-26 07:39","0x6a4df47701711f479c2f9bd7113de7589dac9c55b2cb51a748d83316fb71e552","989.912099467",""
"144","2025-09-27 07:40","0x6a4df47701711f479c2f9bd7113de7589dac9c55b2cb51a748d83316fb71e552","989.192027409",""
"145","2025-09-28 07:40","0x6a4df47701711f479c2f9bd7113de7589dac9c55b2cb51a748d83316fb71e552","992.972598622",""
"146","2025-09-29 07:40","0x6a4df47701711f479c2f9bd7113de7589dac9c55b2cb51a748d83316fb71e552","984.478909368",""
"147","2025-09-30 07:40","0x6a4df47701711f479c2f9bd7113de7589dac9c55b2cb51a748d83316fb71e552","984.474656464",""
"148","2025-10-01 07:40","0x6a4df47701711f479c2f9bd7113de7589dac9c55b2cb51a748d83316fb71e552","984.463697879",""
"149","2025-10-02 07:40","0x6a4df47701711f479c2f9bd7113de7589dac9c55b2cb51a748d83316fb71e552","989.724878154",""
"150","2025-10-03 07:40","0x6a4df47701711f479c2f9bd7113de7589dac9c55b2cb51a748d83316fb71e552","990.341447505",""
"125","2025-09-08 07:39","0x0b61bac05a3a1b32727d4afec9acf95449d439c6b5e77fd589a46b92226ab3c9","232.448998323",""
"126","2025-09-09 07:39","0x0b61bac05a3a1b32727d4afec9acf95449d439c6b5e77fd589a46b92226ab3c9","234.552088623",""
"127","2025-09-10 07:39","0x0b61bac05a3a1b32727d4afec9acf95449d439c6b5e77fd589a46b92226ab3c9","234.543668325",""
"128","2025-09-11 07:39","0x0b61bac05a3a1b32727d4afec9acf95449d439c6b5e77fd589a46b92226ab3c9","234.535251549",""
"129","2025-09-12 07:39","0x0b61bac05a3a1b32727d4afec9acf95449d439c6b5e77fd589a46b92226ab3c9","234.526837787",""
"130","2025-09-13 07:39","0x0b61bac05a3a1b32727d4afec9acf95449d439c6b5e77fd589a46b92226ab3c9","234.518427338",""
"131","2025-09-14 07:39","0x0b61bac05a3a1b32727d4afec9acf95449d439c6b5e77fd589a46b92226ab3c9","234.510020487",""
"132","2025-09-15 07:39","0x0b61bac05a3a1b32727d4afec9acf95449d439c6b5e77fd589a46b92226ab3c9","234.501616678",""
"133","2025-09-16 07:39","0x0b61bac05a3a1b32727d4afec9acf95449d439c6b5e77fd589a46b92226ab3c9","234.493216328",""
"134","2025-09-17 07:39","0x0b61bac05a3a1b32727d4afec9acf95449d439c6b5e77fd589a46b92226ab3c9","229.274528135",""
"135","2025-09-18 07:39","0x0b61bac05a3a1b32727d4afec9acf95449d439c6b5e77fd589a46b92226ab3c9","229.266503171",""
"136","2025-09-19 07:39","0x0b61bac05a3a1b32727d4afec9acf95449d439c6b5e77fd589a46b92226ab3c9","229.258481531",""
"137","2025-09-20 07:39","0x0b61bac05a3a1b32727d4afec9acf95449d439c6b5e77fd589a46b92226ab3c9","229.250462798",""
"138","2025-09-21 07:39","0x0b61bac05a3a1b32727d4afec9acf95449d439c6b5e77fd589a46b92226ab3c9","229.242446904",""
"139","2025-09-22 07:39","0x0b61bac05a3a1b32727d4afec9acf95449d439c6b5e77fd589a46b92226ab3c9","229.234434301",""
"140","2025-09-23 07:39","0x0b61bac05a3a1b32727d4afec9acf95449d439c6b5e77fd589a46b92226ab3c9","229.236215571",""
"141","2025-09-24 07:39","0x0b61bac05a3a1b32727d4afec9acf95449d439c6b5e77fd589a46b92226ab3c9","229.218481139",""
"142","2025-09-25 07:39","0x0b61bac05a3a1b32727d4afec9acf95449d439c6b5e77fd589a46b92226ab3c9","229.210477767",""
"143","2025-09-26 07:39","0x0b61bac05a3a1b32727d4afec9acf95449d439c6b5e77fd589a46b92226ab3c9","229.202477489",""
"144","2025-09-27 07:40","0x0b61bac05a3a1b32727d4afec9acf95449d439c6b5e77fd589a46b92226ab3c9","229.194480230",""
"145","2025-09-28 07:40","0x0b61bac05a3a1b32727d4afec9acf95449d439c6b5e77fd589a46b92226ab3c9","229.186486076",""
"146","2025-09-29 07:40","0x0b61bac05a3a1b32727d4afec9acf95449d439c6b5e77fd589a46b92226ab3c9","229.178494972",""
"147","2025-09-30 07:40","0x0b61bac05a3a1b32727d4afec9acf95449d439c6b5e77fd589a46b92226ab3c9","229.170510766",""
"148","2025-10-01 07:40","0x0b61bac05a3a1b32727d4afec9acf95449d439c6b5e77fd589a46b92226ab3c9","229.162540873",""
"149","2025-10-02 07:40","0x0b61bac05a3a1b32727d4afec9acf95449d439c6b5e77fd589a46b92226ab3c9","234.362615482",""
"150","2025-10-03 07:40","0x0b61bac05a3a1b32727d4afec9acf95449d439c6b5e77fd589a46b92226ab3c9","234.354255700",""
"125","2025-09-08 07:39","0x605b3b0829d7ac49d5181ba444a8e53aeb2af2dc623e3209a28fad0b750f799c","985.029192286",""
"126","2025-09-09 07:39","0x605b3b0829d7ac49d5181ba444a8e53aeb2af2dc623e3209a28fad0b750f799c","985.022444182",""
"127","2025-09-10 07:39","0x605b3b0829d7ac49d5181ba444a8e53aeb2af2dc623e3209a28fad0b750f799c","986.463557383",""
"128","2025-09-11 07:39","0x605b3b0829d7ac49d5181ba444a8e53aeb2af2dc623e3209a28fad0b750f799c","990.736935909",""
"129","2025-09-12 07:39","0x605b3b0829d7ac49d5181ba444a8e53aeb2af2dc623e3209a28fad0b750f799c","999.097929467",""
"130","2025-09-13 07:39","0x605b3b0829d7ac49d5181ba444a8e53aeb2af2dc623e3209a28fad0b750f799c","999.090995775",""
"131","2025-09-14 07:39","0x605b3b0829d7ac49d5181ba444a8e53aeb2af2dc623e3209a28fad0b750f799c","999.643785524",""
"132","2025-09-15 07:39","0x605b3b0829d7ac49d5181ba444a8e53aeb2af2dc623e3209a28fad0b750f799c","999.715992785",""
"133","2025-09-16 07:39","0x605b3b0829d7ac49d5181ba444a8e53aeb2af2dc623e3209a28fad0b750f799c","999.697811672",""
"134","2025-09-17 07:39","0x605b3b0829d7ac49d5181ba444a8e53aeb2af2dc623e3209a28fad0b750f799c","999.690879644",""
"135","2025-09-18 07:39","0x605b3b0829d7ac49d5181ba444a8e53aeb2af2dc623e3209a28fad0b750f799c","999.555297616",""
"136","2025-09-19 07:39","0x605b3b0829d7ac49d5181ba444a8e53aeb2af2dc623e3209a28fad0b750f799c","1001.667976892",""
"137","2025-09-20 07:39","0x605b3b0829d7ac49d5181ba444a8e53aeb2af2dc623e3209a28fad0b750f799c","983.315442008",""
"138","2025-09-21 07:39","0x605b3b0829d7ac49d5181ba444a8e53aeb2af2dc623e3209a28fad0b750f799c","983.233472154",""
"139","2025-09-22 07:39","0x605b3b0829d7ac49d5181ba444a8e53aeb2af2dc623e3209a28fad0b750f799c","983.226777892",""
"140","2025-09-23 07:39","0x605b3b0829d7ac49d5181ba444a8e53aeb2af2dc623e3209a28fad0b750f799c","983.220087197",""
"141","2025-09-24 07:39","0x605b3b0829d7ac49d5181ba444a8e53aeb2af2dc623e3209a28fad0b750f799c","992.075898839",""
"142","2025-09-25 07:39","0x605b3b0829d7ac49d5181ba444a8e53aeb2af2dc623e3209a28fad0b750f799c","990.328343979",""
"143","2025-09-26 07:39","0x605b3b0829d7ac49d5181ba444a8e53aeb2af2dc623e3209a28fad0b750f799c","988.535594319",""
"144","2025-09-27 07:40","0x605b3b0829d7ac49d5181ba444a8e53aeb2af2dc623e3209a28fad0b750f799c","987.816523544",""
"145","2025-09-28 07:40","0x605b3b0829d7ac49d5181ba444a8e53aeb2af2dc623e3209a28fad0b750f799c","991.591837749",""
"146","2025-09-29 07:40","0x605b3b0829d7ac49d5181ba444a8e53aeb2af2dc623e3209a28fad0b750f799c","983.109959249",""
"147","2025-09-30 07:40","0x605b3b0829d7ac49d5181ba444a8e53aeb2af2dc623e3209a28fad0b750f799c","983.105712258",""
"148","2025-10-01 07:40","0x605b3b0829d7ac49d5181ba444a8e53aeb2af2dc623e3209a28fad0b750f799c","983.094768912",""
"149","2025-10-02 07:40","0x605b3b0829d7ac49d5181ba444a8e53aeb2af2dc623e3209a28fad0b750f799c","988.348633343",""
"150","2025-10-03 07:40","0x605b3b0829d7ac49d5181ba444a8e53aeb2af2dc623e3209a28fad0b750f799c","988.964345334",""
"125","2025-09-08 07:39","0x29f60c0255f30af4a85fe5eba01eba766a957cfe986a748ac101c1f6753ca5f6","985.029192286",""
"126","2025-09-09 07:39","0x29f60c0255f30af4a85fe5eba01eba766a957cfe986a748ac101c1f6753ca5f6","985.022444182",""
"127","2025-09-10 07:39","0x29f60c0255f30af4a85fe5eba01eba766a957cfe986a748ac101c1f6753ca5f6","986.463557383",""
"128","2025-09-11 07:39","0x29f60c0255f30af4a85fe5eba01eba766a957cfe986a748ac101c1f6753ca5f6","990.736935909",""
"129","2025-09-12 07:39","0x29f60c0255f30af4a85fe5eba01eba766a957cfe986a748ac101c1f6753ca5f6","999.097929467",""
"130","2025-09-13 07:39","0x29f60c0255f30af4a85fe5eba01eba766a957cfe986a748ac101c1f6753ca5f6","999.090995775",""
"131","2025-09-14 07:39","0x29f60c0255f30af4a85fe5eba01eba766a957cfe986a748ac101c1f6753ca5f6","999.643785524",""
"132","2025-09-15 07:39","0x29f60c0255f30af4a85fe5eba01eba766a957cfe986a748ac101c1f6753ca5f6","999.715992785",""
"133","2025-09-16 07:39","0x29f60c0255f30af4a85fe5eba01eba766a957cfe986a748ac101c1f6753ca5f6","999.697811672",""
"134","2025-09-17 07:39","0x29f60c0255f30af4a85fe5eba01eba766a957cfe986a748ac101c1f6753ca5f6","999.690879644",""
"135","2025-09-18 07:39","0x29f60c0255f30af4a85fe5eba01eba766a957cfe986a748ac101c1f6753ca5f6","999.555297616",""
"136","2025-09-19 07:39","0x29f60c0255f30af4a85fe5eba01eba766a957cfe986a748ac101c1f6753ca5f6","1001.667976892",""
"137","2025-09-20 07:39","0x29f60c0255f30af4a85fe5eba01eba766a957cfe986a748ac101c1f6753ca5f6","983.315442008",""
"138","2025-09-21 07:39","0x29f60c0255f30af4a85fe5eba01eba766a957cfe986a748ac101c1f6753ca5f6","983.233472154",""
"139","2025-09-22 07:39","0x29f60c0255f30af4a85fe5eba01eba766a957cfe986a748ac101c1f6753ca5f6","983.226777892",""
"140","2025-09-23 07:39","0x29f60c0255f30af4a85fe5eba01eba766a957cfe986a748ac101c1f6753ca5f6","983.220087197",""
"141","2025-09-24 07:39","0x29f60c0255f30af4a85fe5eba01eba766a957cfe986a748ac101c1f6753ca5f6","992.075898839",""
"142","2025-09-25 07:39","0x29f60c0255f30af4a85fe5eba01eba766a957cfe986a748ac101c1f6753ca5f6","990.328343979",""
"143","2025-09-26 07:39","0x29f60c0255f30af4a85fe5eba01eba766a957cfe986a748ac101c1f6753ca5f6","988.535594319",""
"144","2025-09-27 07:40","0x29f60c0255f30af4a85fe5eba01eba766a957cfe986a748ac101c1f6753ca5f6","987.816523544",""
"145","2025-09-28 07:40","0x29f60c0255f30af4a85fe5eba01eba766a957cfe986a748ac101c1f6753ca5f6","991.591837749",""
"146","2025-09-29 07:40","0x29f60c0255f30af4a85fe5eba01eba766a957cfe986a748ac101c1f6753ca5f6","983.109959249",""
"147","2025-09-30 07:40","0x29f60c0255f30af4a85fe5eba01eba766a957cfe986a748ac101c1f6753ca5f6","983.105712258",""
"148","2025-10-01 07:40","0x29f60c0255f30af4a85fe5eba01eba766a957cfe986a748ac101c1f6753ca5f6","983.094768912",""
"149","2025-10-02 07:40","0x29f60c0255f30af4a85fe5eba01eba766a957cfe986a748ac101c1f6753ca5f6","988.348633343",""
"150","2025-10-03 07:40","0x29f60c0255f30af4a85fe5eba01eba766a957cfe986a748ac101c1f6753ca5f6","988.964345334",""
"125","2025-09-08 07:39","0x80558969627ad7abdc04dea2b5c267bb0e23b96cd3853c3ffec7b1dd60517ee8","1001.722930648",""
"126","2025-09-09 07:39","0x80558969627ad7abdc04dea2b5c267bb0e23b96cd3853c3ffec7b1dd60517ee8","1008.056813762",""
"127","2025-09-10 07:39","0x80558969627ad7abdc04dea2b5c267bb0e23b96cd3853c3ffec7b1dd60517ee8","1000.688304581",""
"128","2025-09-11 07:39","0x80558969627ad7abdc04dea2b5c267bb0e23b96cd3853c3ffec7b1dd60517ee8","1001.114676699",""
"129","2025-09-12 07:39","0x80558969627ad7abdc04dea2b5c267bb0e23b96cd3853c3ffec7b1dd60517ee8","1012.233427313",""
"130","2025-09-13 07:39","0x80558969627ad7abdc04dea2b5c267bb0e23b96cd3853c3ffec7b1dd60517ee8","1010.377214949",""
"131","2025-09-14 07:39","0x80558969627ad7abdc04dea2b5c267bb0e23b96cd3853c3ffec7b1dd60517ee8","1009.221585832",""
"132","2025-09-15 07:39","0x80558969627ad7abdc04dea2b5c267bb0e23b96cd3853c3ffec7b1dd60517ee8","1016.678354310",""
"133","2025-09-16 07:39","0x80558969627ad7abdc04dea2b5c267bb0e23b96cd3853c3ffec7b1dd60517ee8","1032.852369018",""
"134","2025-09-17 07:39","0x80558969627ad7abdc04dea2b5c267bb0e23b96cd3853c3ffec7b1dd60517ee8","1015.391029972",""
"135","2025-09-18 07:39","0x80558969627ad7abdc04dea2b5c267bb0e23b96cd3853c3ffec7b1dd60517ee8","1009.167402684",""
"136","2025-09-19 07:39","0x80558969627ad7abdc04dea2b5c267bb0e23b96cd3853c3ffec7b1dd60517ee8","1007.307310348",""
"137","2025-09-20 07:39","0x80558969627ad7abdc04dea2b5c267bb0e23b96cd3853c3ffec7b1dd60517ee8","997.014832596",""
"138","2025-09-21 07:39","0x80558969627ad7abdc04dea2b5c267bb0e23b96cd3853c3ffec7b1dd60517ee8","997.892498937",""
"139","2025-09-22 07:39","0x80558969627ad7abdc04dea2b5c267bb0e23b96cd3853c3ffec7b1dd60517ee8","996.442133468",""
"140","2025-09-23 07:39","0x80558969627ad7abdc04dea2b5c267bb0e23b96cd3853c3ffec7b1dd60517ee8","1016.469230715",""
"141","2025-09-24 07:39","0x80558969627ad7abdc04dea2b5c267bb0e23b96cd3853c3ffec7b1dd60517ee8","997.698789501",""
"142","2025-09-25 07:39","0x80558969627ad7abdc04dea2b5c267bb0e23b96cd3853c3ffec7b1dd60517ee8","996.830931365",""
"143","2025-09-26 07:39","0x80558969627ad7abdc04dea2b5c267bb0e23b96cd3853c3ffec7b1dd60517ee8","997.224720128",""
"144","2025-09-27 07:40","0x80558969627ad7abdc04dea2b5c267bb0e23b96cd3853c3ffec7b1dd60517ee8","997.287924982",""
"145","2025-09-28 07:40","0x80558969627ad7abdc04dea2b5c267bb0e23b96cd3853c3ffec7b1dd60517ee8","1001.188612394",""
"146","2025-09-29 07:40","0x80558969627ad7abdc04dea2b5c267bb0e23b96cd3853c3ffec7b1dd60517ee8","997.726541174",""
"147","2025-09-30 07:40","0x80558969627ad7abdc04dea2b5c267bb0e23b96cd3853c3ffec7b1dd60517ee8","1027.937736051",""
"148","2025-10-01 07:40","0x80558969627ad7abdc04dea2b5c267bb0e23b96cd3853c3ffec7b1dd60517ee8","997.503504499",""
"149","2025-10-02 07:40","0x80558969627ad7abdc04dea2b5c267bb0e23b96cd3853c3ffec7b1dd60517ee8","1080.934796692",""
"150","2025-10-03 07:40","0x80558969627ad7abdc04dea2b5c267bb0e23b96cd3853c3ffec7b1dd60517ee8","1038.971187060",""
"125","2025-09-08 07:39","0x76d4aaf52732d34e9625d1106ae6a0186bb8996be5be27e2ab2e1fc065a2ae03","1001.722930648",""
"126","2025-09-09 07:39","0x76d4aaf52732d34e9625d1106ae6a0186bb8996be5be27e2ab2e1fc065a2ae03","1008.056813762",""
"127","2025-09-10 07:39","0x76d4aaf52732d34e9625d1106ae6a0186bb8996be5be27e2ab2e1fc065a2ae03","1000.688304581",""
"128","2025-09-11 07:39","0x76d4aaf52732d34e9625d1106ae6a0186bb8996be5be27e2ab2e1fc065a2ae03","1001.114676699",""
"129","2025-09-12 07:39","0x76d4aaf52732d34e9625d1106ae6a0186bb8996be5be27e2ab2e1fc065a2ae03","1012.233427313",""
"130","2025-09-13 07:39","0x76d4aaf52732d34e9625d1106ae6a0186bb8996be5be27e2ab2e1fc065a2ae03","1010.377214949",""
"131","2025-09-14 07:39","0x76d4aaf52732d34e9625d1106ae6a0186bb8996be5be27e2ab2e1fc065a2ae03","1009.221585832",""
"132","2025-09-15 07:39","0x76d4aaf52732d34e9625d1106ae6a0186bb8996be5be27e2ab2e1fc065a2ae03","1016.678354310",""
"133","2025-09-16 07:39","0x76d4aaf52732d34e9625d1106ae6a0186bb8996be5be27e2ab2e1fc065a2ae03","1032.852369018",""
"134","2025-09-17 07:39","0x76d4aaf52732d34e9625d1106ae6a0186bb8996be5be27e2ab2e1fc065a2ae03","1015.391029972",""
"135","2025-09-18 07:39","0x76d4aaf52732d34e9625d1106ae6a0186bb8996be5be27e2ab2e1fc065a2ae03","1009.167402684",""
"136","2025-09-19 07:39","0x76d4aaf52732d34e9625d1106ae6a0186bb8996be5be27e2ab2e1fc065a2ae03","1007.307310348",""
"137","2025-09-20 07:39","0x76d4aaf52732d34e9625d1106ae6a0186bb8996be5be27e2ab2e1fc065a2ae03","997.014832596",""
"138","2025-09-21 07:39","0x76d4aaf52732d34e9625d1106ae6a0186bb8996be5be27e2ab2e1fc065a2ae03","997.892498937",""
"139","2025-09-22 07:39","0x76d4aaf52732d34e9625d1106ae6a0186bb8996be5be27e2ab2e1fc065a2ae03","996.442133468",""
"140","2025-09-23 07:39","0x76d4aaf52732d34e9625d1106ae6a0186bb8996be5be27e2ab2e1fc065a2ae03","1016.469230715",""
"141","2025-09-24 07:39","0x76d4aaf52732d34e9625d1106ae6a0186bb8996be5be27e2ab2e1fc065a2ae03","997.698789501",""
"142","2025-09-25 07:39","0x76d4aaf52732d34e9625d1106ae6a0186bb8996be5be27e2ab2e1fc065a2ae03","996.830931365",""
"143","2025-09-26 07:39","0x76d4aaf52732d34e9625d1106ae6a0186bb8996be5be27e2ab2e1fc065a2ae03","997.224720128",""
"144","2025-09-27 07:40","0x76d4aaf52732d34e9625d1106ae6a0186bb8996be5be27e2ab2e1fc065a2ae03","997.287924982",""
"145","2025-09-28 07:40","0x76d4aaf52732d34e9625d1106ae6a0186bb8996be5be27e2ab2e1fc065a2ae03","1001.188612394",""
"146","2025-09-29 07:40","0x76d4aaf52732d34e9625d1106ae6a0186bb8996be5be27e2ab2e1fc065a2ae03","997.726541174",""
"147","2025-09-30 07:40","0x76d4aaf52732d34e9625d1106ae6a0186bb8996be5be27e2ab2e1fc065a2ae03","1027.937736051",""
"148","2025-10-01 07:40","0x76d4aaf52732d34e9625d1106ae6a0186bb8996be5be27e2ab2e1fc065a2ae03","997.503504499",""
"149","2025-10-02 07:40","0x76d4aaf52732d34e9625d1106ae6a0186bb8996be5be27e2ab2e1fc065a2ae03","1080.934796692",""
"150","2025-10-03 07:40","0x76d4aaf52732d34e9625d1106ae6a0186bb8996be5be27e2ab2e1fc065a2ae03","1038.971187060",""
"125","2025-09-08 07:39","0x3ae2984124e15b4782d916c0304fa8f95be6761d8fc12d89ca05f62287b93429","980.044564372",""
"126","2025-09-09 07:39","0x3ae2984124e15b4782d916c0304fa8f95be6761d8fc12d89ca05f62287b93429","992.746501882",""
"127","2025-09-10 07:39","0x3ae2984124e15b4782d916c0304fa8f95be6761d8fc12d89ca05f62287b93429","993.245880608",""
"128","2025-09-11 07:39","0x3ae2984124e15b4782d916c0304fa8f95be6761d8fc12d89ca05f62287b93429","994.843065160",""
"129","2025-09-12 07:39","0x3ae2984124e15b4782d916c0304fa8f95be6761d8fc12d89ca05f62287b93429","994.840555662",""
"130","2025-09-13 07:39","0x3ae2984124e15b4782d916c0304fa8f95be6761d8fc12d89ca05f62287b93429","993.220096638",""
"131","2025-09-14 07:39","0x3ae2984124e15b4782d916c0304fa8f95be6761d8fc12d89ca05f62287b93429","993.202393638",""
"132","2025-09-15 07:39","0x3ae2984124e15b4782d916c0304fa8f95be6761d8fc12d89ca05f62287b93429","992.776591633",""
"133","2025-09-16 07:39","0x3ae2984124e15b4782d916c0304fa8f95be6761d8fc12d89ca05f62287b93429","992.485313355",""
"134","2025-09-17 07:39","0x3ae2984124e15b4782d916c0304fa8f95be6761d8fc12d89ca05f62287b93429","993.582312107",""
"135","2025-09-18 07:39","0x3ae2984124e15b4782d916c0304fa8f95be6761d8fc12d89ca05f62287b93429","994.638912190",""
"136","2025-09-19 07:39","0x3ae2984124e15b4782d916c0304fa8f95be6761d8fc12d89ca05f62287b93429","986.766591796",""
"137","2025-09-20 07:39","0x3ae2984124e15b4782d916c0304fa8f95be6761d8fc12d89ca05f62287b93429","966.277449153",""
"138","2025-09-21 07:39","0x3ae2984124e15b4782d916c0304fa8f95be6761d8fc12d89ca05f62287b93429","978.701628198",""
"139","2025-09-22 07:39","0x3ae2984124e15b4782d916c0304fa8f95be6761d8fc12d89ca05f62287b93429","958.127001219",""
"140","2025-09-23 07:39","0x3ae2984124e15b4782d916c0304fa8f95be6761d8fc12d89ca05f62287b93429","959.012250621",""
"141","2025-09-24 07:39","0x3ae2984124e15b4782d916c0304fa8f95be6761d8fc12d89ca05f62287b93429","958.995707990",""
"142","2025-09-25 07:39","0x3ae2984124e15b4782d916c0304fa8f95be6761d8fc12d89ca05f62287b93429","959.740400224",""
"143","2025-09-26 07:39","0x3ae2984124e15b4782d916c0304fa8f95be6761d8fc12d89ca05f62287b93429","973.046579870",""
"144","2025-09-27 07:40","0x3ae2984124e15b4782d916c0304fa8f95be6761d8fc12d89ca05f62287b93429","973.141186284",""
"145","2025-09-28 07:40","0x3ae2984124e15b4782d916c0304fa8f95be6761d8fc12d89ca05f62287b93429","973.124270158",""
"146","2025-09-29 07:40","0x3ae2984124e15b4782d916c0304fa8f95be6761d8fc12d89ca05f62287b93429","973.107360143",""
"147","2025-09-30 07:40","0x3ae2984124e15b4782d916c0304fa8f95be6761d8fc12d89ca05f62287b93429","973.093935286",""
"148","2025-10-01 07:40","0x3ae2984124e15b4782d916c0304fa8f95be6761d8fc12d89ca05f62287b93429","973.250113973",""
"149","2025-10-02 07:40","0x3ae2984124e15b4782d916c0304fa8f95be6761d8fc12d89ca05f62287b93429","1011.909321425",""
"150","2025-10-03 07:40","0x3ae2984124e15b4782d916c0304fa8f95be6761d8fc12d89ca05f62287b93429","995.678706282",""
"125","2025-09-08 07:39","0xd67616dd1fe08be8b2438d0980e2cb20501f66e3e5436bc332c6124c90247c9f","951.744595704",""
"126","2025-09-09 07:39","0xd67616dd1fe08be8b2438d0980e2cb20501f66e3e5436bc332c6124c90247c9f","951.710178479",""
"127","2025-09-10 07:39","0xd67616dd1fe08be8b2438d0980e2cb20501f66e3e5436bc332c6124c90247c9f","951.633431701",""
"128","2025-09-11 07:39","0xd67616dd1fe08be8b2438d0980e2cb20501f66e3e5436bc332c6124c90247c9f","951.588140556",""
"129","2025-09-12 07:39","0xd67616dd1fe08be8b2438d0980e2cb20501f66e3e5436bc332c6124c90247c9f","951.553767459",""
"130","2025-09-13 07:39","0xd67616dd1fe08be8b2438d0980e2cb20501f66e3e5436bc332c6124c90247c9f","951.519407990",""
"131","2025-09-14 07:39","0xd67616dd1fe08be8b2438d0980e2cb20501f66e3e5436bc332c6124c90247c9f","957.855907525",""
"132","2025-09-15 07:39","0xd67616dd1fe08be8b2438d0980e2cb20501f66e3e5436bc332c6124c90247c9f","958.073938321",""
"133","2025-09-16 07:39","0xd67616dd1fe08be8b2438d0980e2cb20501f66e3e5436bc332c6124c90247c9f","958.039141093",""
"134","2025-09-17 07:39","0xd67616dd1fe08be8b2438d0980e2cb20501f66e3e5436bc332c6124c90247c9f","932.102808059",""
"135","2025-09-18 07:39","0xd67616dd1fe08be8b2438d0980e2cb20501f66e3e5436bc332c6124c90247c9f","932.080645527",""
"136","2025-09-19 07:39","0xd67616dd1fe08be8b2438d0980e2cb20501f66e3e5436bc332c6124c90247c9f","932.047743279",""
"137","2025-09-20 07:39","0xd67616dd1fe08be8b2438d0980e2cb20501f66e3e5436bc332c6124c90247c9f","932.014853076",""
"138","2025-09-21 07:39","0xd67616dd1fe08be8b2438d0980e2cb20501f66e3e5436bc332c6124c90247c9f","931.981974637",""
"139","2025-09-22 07:39","0xd67616dd1fe08be8b2438d0980e2cb20501f66e3e5436bc332c6124c90247c9f","931.949109804",""
"140","2025-09-23 07:39","0xd67616dd1fe08be8b2438d0980e2cb20501f66e3e5436bc332c6124c90247c9f","931.915284500",""
"141","2025-09-24 07:39","0xd67616dd1fe08be8b2438d0980e2cb20501f66e3e5436bc332c6124c90247c9f","934.386060267",""
"142","2025-09-25 07:39","0xd67616dd1fe08be8b2438d0980e2cb20501f66e3e5436bc332c6124c90247c9f","934.353057125",""
"143","2025-09-26 07:39","0xd67616dd1fe08be8b2438d0980e2cb20501f66e3e5436bc332c6124c90247c9f","934.320066887",""
"144","2025-09-27 07:40","0xd67616dd1fe08be8b2438d0980e2cb20501f66e3e5436bc332c6124c90247c9f","934.287089250",""
"145","2025-09-28 07:40","0xd67616dd1fe08be8b2438d0980e2cb20501f66e3e5436bc332c6124c90247c9f","934.254124558",""
"146","2025-09-29 07:40","0xd67616dd1fe08be8b2438d0980e2cb20501f66e3e5436bc332c6124c90247c9f","934.221172596",""
"147","2025-09-30 07:40","0xd67616dd1fe08be8b2438d0980e2cb20501f66e3e5436bc332c6124c90247c9f","934.188249041",""
"148","2025-10-01 07:40","0xd67616dd1fe08be8b2438d0980e2cb20501f66e3e5436bc332c6124c90247c9f","934.157628458",""
"149","2025-10-02 07:40","0xd67616dd1fe08be8b2438d0980e2cb20501f66e3e5436bc332c6124c90247c9f","957.207865458",""
"150","2025-10-03 07:40","0xd67616dd1fe08be8b2438d0980e2cb20501f66e3e5436bc332c6124c90247c9f","959.475443453",""
"125","2025-09-08 07:39","0x656fc14671e9fbbdbb8d9d0f4028f4b0ef5a6532f33e593bf6c66c3bbe73cb8e","951.744595704",""
"126","2025-09-09 07:39","0x656fc14671e9fbbdbb8d9d0f4028f4b0ef5a6532f33e593bf6c66c3bbe73cb8e","951.710178479",""
"127","2025-09-10 07:39","0x656fc14671e9fbbdbb8d9d0f4028f4b0ef5a6532f33e593bf6c66c3bbe73cb8e","951.633431701",""
"128","2025-09-11 07:39","0x656fc14671e9fbbdbb8d9d0f4028f4b0ef5a6532f33e593bf6c66c3bbe73cb8e","951.588140556",""
"129","2025-09-12 07:39","0x656fc14671e9fbbdbb8d9d0f4028f4b0ef5a6532f33e593bf6c66c3bbe73cb8e","951.553767459",""
"130","2025-09-13 07:39","0x656fc14671e9fbbdbb8d9d0f4028f4b0ef5a6532f33e593bf6c66c3bbe73cb8e","951.519407990",""
"131","2025-09-14 07:39","0x656fc14671e9fbbdbb8d9d0f4028f4b0ef5a6532f33e593bf6c66c3bbe73cb8e","957.855907525",""
"132","2025-09-15 07:39","0x656fc14671e9fbbdbb8d9d0f4028f4b0ef5a6532f33e593bf6c66c3bbe73cb8e","958.073938321",""
"133","2025-09-16 07:39","0x656fc14671e9fbbdbb8d9d0f4028f4b0ef5a6532f33e593bf6c66c3bbe73cb8e","958.039141093",""
"134","2025-09-17 07:39","0x656fc14671e9fbbdbb8d9d0f4028f4b0ef5a6532f33e593bf6c66c3bbe73cb8e","932.102808059",""
"135","2025-09-18 07:39","0x656fc14671e9fbbdbb8d9d0f4028f4b0ef5a6532f33e593bf6c66c3bbe73cb8e","932.080645527",""
"136","2025-09-19 07:39","0x656fc14671e9fbbdbb8d9d0f4028f4b0ef5a6532f33e593bf6c66c3bbe73cb8e","932.047743279",""
"137","2025-09-20 07:39","0x656fc14671e9fbbdbb8d9d0f4028f4b0ef5a6532f33e593bf6c66c3bbe73cb8e","932.014853076",""
"138","2025-09-21 07:39","0x656fc14671e9fbbdbb8d9d0f4028f4b0ef5a6532f33e593bf6c66c3bbe73cb8e","931.981974637",""
"139","2025-09-22 07:39","0x656fc14671e9fbbdbb8d9d0f4028f4b0ef5a6532f33e593bf6c66c3bbe73cb8e","931.949109804",""
"140","2025-09-23 07:39","0x656fc14671e9fbbdbb8d9d0f4028f4b0ef5a6532f33e593bf6c66c3bbe73cb8e","931.915284500",""
"141","2025-09-24 07:39","0x656fc14671e9fbbdbb8d9d0f4028f4b0ef5a6532f33e593bf6c66c3bbe73cb8e","934.386060267",""
"142","2025-09-25 07:39","0x656fc14671e9fbbdbb8d9d0f4028f4b0ef5a6532f33e593bf6c66c3bbe73cb8e","934.353057125",""
"143","2025-09-26 07:39","0x656fc14671e9fbbdbb8d9d0f4028f4b0ef5a6532f33e593bf6c66c3bbe73cb8e","934.320066887",""
"144","2025-09-27 07:40","0x656fc14671e9fbbdbb8d9d0f4028f4b0ef5a6532f33e593bf6c66c3bbe73cb8e","934.287089250",""
"145","2025-09-28 07:40","0x656fc14671e9fbbdbb8d9d0f4028f4b0ef5a6532f33e593bf6c66c3bbe73cb8e","934.254124558",""
"146","2025-09-29 07:40","0x656fc14671e9fbbdbb8d9d0f4028f4b0ef5a6532f33e593bf6c66c3bbe73cb8e","934.221172596",""
"147","2025-09-30 07:40","0x656fc14671e9fbbdbb8d9d0f4028f4b0ef5a6532f33e593bf6c66c3bbe73cb8e","934.188249041",""
"148","2025-10-01 07:40","0x656fc14671e9fbbdbb8d9d0f4028f4b0ef5a6532f33e593bf6c66c3bbe73cb8e","934.157628458",""
"149","2025-10-02 07:40","0x656fc14671e9fbbdbb8d9d0f4028f4b0ef5a6532f33e593bf6c66c3bbe73cb8e","957.207865458",""
"150","2025-10-03 07:40","0x656fc14671e9fbbdbb8d9d0f4028f4b0ef5a6532f33e593bf6c66c3bbe73cb8e","959.475443453",""
"125","2025-09-08 07:39","0x819e5b6a09237d2171e87368b67719fb2df4c2acf99b927228d746e932db83b4","957.278118012",""
"126","2025-09-09 07:39","0x819e5b6a09237d2171e87368b67719fb2df4c2acf99b927228d746e932db83b4","957.242329826",""
"127","2025-09-10 07:39","0x819e5b6a09237d2171e87368b67719fb2df4c2acf99b927228d746e932db83b4","923.020607622",""
"128","2025-09-11 07:39","0x819e5b6a09237d2171e87368b67719fb2df4c2acf99b927228d746e932db83b4","922.987357480",""
"129","2025-09-12 07:39","0x819e5b6a09237d2171e87368b67719fb2df4c2acf99b927228d746e932db83b4","957.137605207",""
"130","2025-09-13 07:39","0x819e5b6a09237d2171e87368b67719fb2df4c2acf99b927228d746e932db83b4","957.147358118",""
"131","2025-09-14 07:39","0x819e5b6a09237d2171e87368b67719fb2df4c2acf99b927228d746e932db83b4","957.111639309",""
"132","2025-09-15 07:39","0x819e5b6a09237d2171e87368b67719fb2df4c2acf99b927228d746e932db83b4","957.075934048",""
"133","2025-09-16 07:39","0x819e5b6a09237d2171e87368b67719fb2df4c2acf99b927228d746e932db83b4","957.040244032",""
"134","2025-09-17 07:39","0x819e5b6a09237d2171e87368b67719fb2df4c2acf99b927228d746e932db83b4","923.319436196",""
"135","2025-09-18 07:39","0x819e5b6a09237d2171e87368b67719fb2df4c2acf99b927228d746e932db83b4","923.286241066",""
"136","2025-09-19 07:39","0x819e5b6a09237d2171e87368b67719fb2df4c2acf99b927228d746e932db83b4","923.253060009",""
"137","2025-09-20 07:39","0x819e5b6a09237d2171e87368b67719fb2df4c2acf99b927228d746e932db83b4","923.219891344",""
"138","2025-09-21 07:39","0x819e5b6a09237d2171e87368b67719fb2df4c2acf99b927228d746e932db83b4","923.186734794",""
"139","2025-09-22 07:39","0x819e5b6a09237d2171e87368b67719fb2df4c2acf99b927228d746e932db83b4","923.153592181",""
"140","2025-09-23 07:39","0x819e5b6a09237d2171e87368b67719fb2df4c2acf99b927228d746e932db83b4","923.120463819",""
"141","2025-09-24 07:39","0x819e5b6a09237d2171e87368b67719fb2df4c2acf99b927228d746e932db83b4","923.087346146",""
"142","2025-09-25 07:39","0x819e5b6a09237d2171e87368b67719fb2df4c2acf99b927228d746e932db83b4","923.054242766",""
"143","2025-09-26 07:39","0x819e5b6a09237d2171e87368b67719fb2df4c2acf99b927228d746e932db83b4","923.021152524",""
"144","2025-09-27 07:40","0x819e5b6a09237d2171e87368b67719fb2df4c2acf99b927228d746e932db83b4","922.988075120",""
"145","2025-09-28 07:40","0x819e5b6a09237d2171e87368b67719fb2df4c2acf99b927228d746e932db83b4","922.955010896",""
"146","2025-09-29 07:40","0x819e5b6a09237d2171e87368b67719fb2df4c2acf99b927228d746e932db83b4","922.921959635",""
"147","2025-09-30 07:40","0x819e5b6a09237d2171e87368b67719fb2df4c2acf99b927228d746e932db83b4","922.888936828",""
"148","2025-10-01 07:40","0x819e5b6a09237d2171e87368b67719fb2df4c2acf99b927228d746e932db83b4","957.035823162",""
"149","2025-10-02 07:40","0x819e5b6a09237d2171e87368b67719fb2df4c2acf99b927228d746e932db83b4","922.821731450",""
"150","2025-10-03 07:40","0x819e5b6a09237d2171e87368b67719fb2df4c2acf99b927228d746e932db83b4","956.966035193",""
"125","2025-09-08 07:39","0xae25363cd877e5972d4a7e8f303b6cc61afa003ca5ba5a81c8daa28ab145ad8f","957.278118012",""
"126","2025-09-09 07:39","0xae25363cd877e5972d4a7e8f303b6cc61afa003ca5ba5a81c8daa28ab145ad8f","957.242329826",""
"127","2025-09-10 07:39","0xae25363cd877e5972d4a7e8f303b6cc61afa003ca5ba5a81c8daa28ab145ad8f","923.020607622",""
"128","2025-09-11 07:39","0xae25363cd877e5972d4a7e8f303b6cc61afa003ca5ba5a81c8daa28ab145ad8f","922.987357480",""
"129","2025-09-12 07:39","0xae25363cd877e5972d4a7e8f303b6cc61afa003ca5ba5a81c8daa28ab145ad8f","957.137605207",""
"130","2025-09-13 07:39","0xae25363cd877e5972d4a7e8f303b6cc61afa003ca5ba5a81c8daa28ab145ad8f","957.147358118",""
"131","2025-09-14 07:39","0xae25363cd877e5972d4a7e8f303b6cc61afa003ca5ba5a81c8daa28ab145ad8f","957.111639309",""
"132","2025-09-15 07:39","0xae25363cd877e5972d4a7e8f303b6cc61afa003ca5ba5a81c8daa28ab145ad8f","957.075934048",""
"133","2025-09-16 07:39","0xae25363cd877e5972d4a7e8f303b6cc61afa003ca5ba5a81c8daa28ab145ad8f","957.040244032",""
"134","2025-09-17 07:39","0xae25363cd877e5972d4a7e8f303b6cc61afa003ca5ba5a81c8daa28ab145ad8f","923.319436196",""
"135","2025-09-18 07:39","0xae25363cd877e5972d4a7e8f303b6cc61afa003ca5ba5a81c8daa28ab145ad8f","923.286241066",""
"136","2025-09-19 07:39","0xae25363cd877e5972d4a7e8f303b6cc61afa003ca5ba5a81c8daa28ab145ad8f","923.253060009",""
"137","2025-09-20 07:39","0xae25363cd877e5972d4a7e8f303b6cc61afa003ca5ba5a81c8daa28ab145ad8f","923.219891344",""
"138","2025-09-21 07:39","0xae25363cd877e5972d4a7e8f303b6cc61afa003ca5ba5a81c8daa28ab145ad8f","923.186734794",""
"139","2025-09-22 07:39","0xae25363cd877e5972d4a7e8f303b6cc61afa003ca5ba5a81c8daa28ab145ad8f","923.153592181",""
"140","2025-09-23 07:39","0xae25363cd877e5972d4a7e8f303b6cc61afa003ca5ba5a81c8daa28ab145ad8f","923.120463819",""
"141","2025-09-24 07:39","0xae25363cd877e5972d4a7e8f303b6cc61afa003ca5ba5a81c8daa28ab145ad8f","923.087346146",""
"142","2025-09-25 07:39","0xae25363cd877e5972d4a7e8f303b6cc61afa003ca5ba5a81c8daa28ab145ad8f","923.054242766",""
"143","2025-09-26 07:39","0xae25363cd877e5972d4a7e8f303b6cc61afa003ca5ba5a81c8daa28ab145ad8f","923.021152524",""
"144","2025-09-27 07:40","0xae25363cd877e5972d4a7e8f303b6cc61afa003ca5ba5a81c8daa28ab145ad8f","922.988075120",""
"145","2025-09-28 07:40","0xae25363cd877e5972d4a7e8f303b6cc61afa003ca5ba5a81c8daa28ab145ad8f","922.955010896",""
"146","2025-09-29 07:40","0xae25363cd877e5972d4a7e8f303b6cc61afa003ca5ba5a81c8daa28ab145ad8f","922.921959635",""
"147","2025-09-30 07:40","0xae25363cd877e5972d4a7e8f303b6cc61afa003ca5ba5a81c8daa28ab145ad8f","922.888936828",""
"148","2025-10-01 07:40","0xae25363cd877e5972d4a7e8f303b6cc61afa003ca5ba5a81c8daa28ab145ad8f","957.035823162",""
"149","2025-10-02 07:40","0xae25363cd877e5972d4a7e8f303b6cc61afa003ca5ba5a81c8daa28ab145ad8f","922.821731450",""
"150","2025-10-03 07:40","0xae25363cd877e5972d4a7e8f303b6cc61afa003ca5ba5a81c8daa28ab145ad8f","956.966035193",""
"125","2025-09-08 07:39","0xda01f468dacb139e26128cfa092abed2e6ac2f9a812ec61b9483826df78c38f5","879.980931546",""
"126","2025-09-09 07:39","0xda01f468dacb139e26128cfa092abed2e6ac2f9a812ec61b9483826df78c38f5","880.476581659",""
"127","2025-09-10 07:39","0xda01f468dacb139e26128cfa092abed2e6ac2f9a812ec61b9483826df78c38f5","878.748443044",""
"128","2025-09-11 07:39","0xda01f468dacb139e26128cfa092abed2e6ac2f9a812ec61b9483826df78c38f5","1122.011620084",""
"129","2025-09-12 07:39","0xda01f468dacb139e26128cfa092abed2e6ac2f9a812ec61b9483826df78c38f5","895.683213848",""
"130","2025-09-13 07:39","0xda01f468dacb139e26128cfa092abed2e6ac2f9a812ec61b9483826df78c38f5","895.519937570",""
"131","2025-09-14 07:39","0xda01f468dacb139e26128cfa092abed2e6ac2f9a812ec61b9483826df78c38f5","892.449604669",""
"132","2025-09-15 07:39","0xda01f468dacb139e26128cfa092abed2e6ac2f9a812ec61b9483826df78c38f5","895.794735883",""
"133","2025-09-16 07:39","0xda01f468dacb139e26128cfa092abed2e6ac2f9a812ec61b9483826df78c38f5","892.943999260",""
"134","2025-09-17 07:39","0xda01f468dacb139e26128cfa092abed2e6ac2f9a812ec61b9483826df78c38f5","891.482782215",""
"135","2025-09-18 07:39","0xda01f468dacb139e26128cfa092abed2e6ac2f9a812ec61b9483826df78c38f5","893.129084502",""
"136","2025-09-19 07:39","0xda01f468dacb139e26128cfa092abed2e6ac2f9a812ec61b9483826df78c38f5","889.506742670",""
"137","2025-09-20 07:39","0xda01f468dacb139e26128cfa092abed2e6ac2f9a812ec61b9483826df78c38f5","879.828315523",""
"138","2025-09-21 07:39","0xda01f468dacb139e26128cfa092abed2e6ac2f9a812ec61b9483826df78c38f5","878.311014023",""
"139","2025-09-22 07:39","0xda01f468dacb139e26128cfa092abed2e6ac2f9a812ec61b9483826df78c38f5","877.791534056",""
"140","2025-09-23 07:39","0xda01f468dacb139e26128cfa092abed2e6ac2f9a812ec61b9483826df78c38f5","879.995584667",""
"141","2025-09-24 07:39","0xda01f468dacb139e26128cfa092abed2e6ac2f9a812ec61b9483826df78c38f5","878.115297738",""
"142","2025-09-25 07:39","0xda01f468dacb139e26128cfa092abed2e6ac2f9a812ec61b9483826df78c38f5","878.015757698",""
"143","2025-09-26 07:39","0xda01f468dacb139e26128cfa092abed2e6ac2f9a812ec61b9483826df78c38f5","877.951124276",""
"144","2025-09-27 07:40","0xda01f468dacb139e26128cfa092abed2e6ac2f9a812ec61b9483826df78c38f5","876.938923595",""
"145","2025-09-28 07:40","0xda01f468dacb139e26128cfa092abed2e6ac2f9a812ec61b9483826df78c38f5","876.950072342",""
"146","2025-09-29 07:40","0xda01f468dacb139e26128cfa092abed2e6ac2f9a812ec61b9483826df78c38f5","901.175567593",""
"147","2025-09-30 07:40","0xda01f468dacb139e26128cfa092abed2e6ac2f9a812ec61b9483826df78c38f5","879.170591357",""
"148","2025-10-01 07:40","0xda01f468dacb139e26128cfa092abed2e6ac2f9a812ec61b9483826df78c38f5","878.089090368",""
"149","2025-10-02 07:40","0xda01f468dacb139e26128cfa092abed2e6ac2f9a812ec61b9483826df78c38f5","877.358870675",""
"150","2025-10-03 07:40","0xda01f468dacb139e26128cfa092abed2e6ac2f9a812ec61b9483826df78c38f5","880.621843902",""
"125","2025-09-08 07:39","0xe7a5fa488a1b6a6b023fd26e14d4532895d02426af949b5fdb0bb684469a77a5","879.980931546",""
"126","2025-09-09 07:39","0xe7a5fa488a1b6a6b023fd26e14d4532895d02426af949b5fdb0bb684469a77a5","880.476581659",""
"127","2025-09-10 07:39","0xe7a5fa488a1b6a6b023fd26e14d4532895d02426af949b5fdb0bb684469a77a5","878.748443044",""
"128","2025-09-11 07:39","0xe7a5fa488a1b6a6b023fd26e14d4532895d02426af949b5fdb0bb684469a77a5","1122.011620084",""
"129","2025-09-12 07:39","0xe7a5fa488a1b6a6b023fd26e14d4532895d02426af949b5fdb0bb684469a77a5","895.683213848",""
"130","2025-09-13 07:39","0xe7a5fa488a1b6a6b023fd26e14d4532895d02426af949b5fdb0bb684469a77a5","895.519937570",""
"131","2025-09-14 07:39","0xe7a5fa488a1b6a6b023fd26e14d4532895d02426af949b5fdb0bb684469a77a5","892.449604669",""
"132","2025-09-15 07:39","0xe7a5fa488a1b6a6b023fd26e14d4532895d02426af949b5fdb0bb684469a77a5","895.794735883",""
"133","2025-09-16 07:39","0xe7a5fa488a1b6a6b023fd26e14d4532895d02426af949b5fdb0bb684469a77a5","892.943999260",""
"134","2025-09-17 07:39","0xe7a5fa488a1b6a6b023fd26e14d4532895d02426af949b5fdb0bb684469a77a5","891.482782215",""
"135","2025-09-18 07:39","0xe7a5fa488a1b6a6b023fd26e14d4532895d02426af949b5fdb0bb684469a77a5","893.129084502",""
"136","2025-09-19 07:39","0xe7a5fa488a1b6a6b023fd26e14d4532895d02426af949b5fdb0bb684469a77a5","889.506742670",""
"137","2025-09-20 07:39","0xe7a5fa488a1b6a6b023fd26e14d4532895d02426af949b5fdb0bb684469a77a5","879.828315523",""
"138","2025-09-21 07:39","0xe7a5fa488a1b6a6b023fd26e14d4532895d02426af949b5fdb0bb684469a77a5","878.311014023",""
"139","2025-09-22 07:39","0xe7a5fa488a1b6a6b023fd26e14d4532895d02426af949b5fdb0bb684469a77a5","877.791534056",""
"140","2025-09-23 07:39","0xe7a5fa488a1b6a6b023fd26e14d4532895d02426af949b5fdb0bb684469a77a5","879.995584667",""
"141","2025-09-24 07:39","0xe7a5fa488a1b6a6b023fd26e14d4532895d02426af949b5fdb0bb684469a77a5","878.115297738",""
"142","2025-09-25 07:39","0xe7a5fa488a1b6a6b023fd26e14d4532895d02426af949b5fdb0bb684469a77a5","878.015757698",""
"143","2025-09-26 07:39","0xe7a5fa488a1b6a6b023fd26e14d4532895d02426af949b5fdb0bb684469a77a5","877.951124276",""
"144","2025-09-27 07:40","0xe7a5fa488a1b6a6b023fd26e14d4532895d02426af949b5fdb0bb684469a77a5","876.938923595",""
"145","2025-09-28 07:40","0xe7a5fa488a1b6a6b023fd26e14d4532895d02426af949b5fdb0bb684469a77a5","876.950072342",""
"146","2025-09-29 07:40","0xe7a5fa488a1b6a6b023fd26e14d4532895d02426af949b5fdb0bb684469a77a5","901.175567593",""
"147","2025-09-30 07:40","0xe7a5fa488a1b6a6b023fd26e14d4532895d02426af949b5fdb0bb684469a77a5","879.170591357",""
"148","2025-10-01 07:40","0xe7a5fa488a1b6a6b023fd26e14d4532895d02426af949b5fdb0bb684469a77a5","878.089090368",""
"149","2025-10-02 07:40","0xe7a5fa488a1b6a6b023fd26e14d4532895d02426af949b5fdb0bb684469a77a5","877.358870675",""
"150","2025-10-03 07:40","0xe7a5fa488a1b6a6b023fd26e14d4532895d02426af949b5fdb0bb684469a77a5","880.621843902",""
"125","2025-09-08 07:39","0x64df07b72bcf549271879bae1e441d6c97936b9cb6da79ea754717b2d6c55eb9","676.720574396",""
"126","2025-09-09 07:39","0x64df07b72bcf549271879bae1e441d6c97936b9cb6da79ea754717b2d6c55eb9","677.101737915",""
"127","2025-09-10 07:39","0x64df07b72bcf549271879bae1e441d6c97936b9cb6da79ea754717b2d6c55eb9","675.772769395",""
"128","2025-09-11 07:39","0x64df07b72bcf549271879bae1e441d6c97936b9cb6da79ea754717b2d6c55eb9","862.846364964",""
"129","2025-09-12 07:39","0x64df07b72bcf549271879bae1e441d6c97936b9cb6da79ea754717b2d6c55eb9","688.795901392",""
"130","2025-09-13 07:39","0x64df07b72bcf549271879bae1e441d6c97936b9cb6da79ea754717b2d6c55eb9","688.670339107",""
"131","2025-09-14 07:39","0x64df07b72bcf549271879bae1e441d6c97936b9cb6da79ea754717b2d6c55eb9","686.309199938",""
"132","2025-09-15 07:39","0x64df07b72bcf549271879bae1e441d6c97936b9cb6da79ea754717b2d6c55eb9","688.881663768",""
"133","2025-09-16 07:39","0x64df07b72bcf549271879bae1e441d6c97936b9cb6da79ea754717b2d6c55eb9","686.689397940",""
"134","2025-09-17 07:39","0x64df07b72bcf549271879bae1e441d6c97936b9cb6da79ea754717b2d6c55eb9","685.565696730",""
"135","2025-09-18 07:39","0x64df07b72bcf549271879bae1e441d6c97936b9cb6da79ea754717b2d6c55eb9","686.831731697",""
"136","2025-09-19 07:39","0x64df07b72bcf549271879bae1e441d6c97936b9cb6da79ea754717b2d6c55eb9","684.046088102",""
"137","2025-09-20 07:39","0x64df07b72bcf549271879bae1e441d6c97936b9cb6da79ea754717b2d6c55eb9","676.603210031",""
"138","2025-09-21 07:39","0x64df07b72bcf549271879bae1e441d6c97936b9cb6da79ea754717b2d6c55eb9","675.436378903",""
"139","2025-09-22 07:39","0x64df07b72bcf549271879bae1e441d6c97936b9cb6da79ea754717b2d6c55eb9","675.036889814",""
"140","2025-09-23 07:39","0x64df07b72bcf549271879bae1e441d6c97936b9cb6da79ea754717b2d6c55eb9","676.731842900",""
"141","2025-09-24 07:39","0x64df07b72bcf549271879bae1e441d6c97936b9cb6da79ea754717b2d6c55eb9","675.285869690",""
"142","2025-09-25 07:39","0x64df07b72bcf549271879bae1e441d6c97936b9cb6da79ea754717b2d6c55eb9","675.209321677",""
"143","2025-09-26 07:39","0x64df07b72bcf549271879bae1e441d6c97936b9cb6da79ea754717b2d6c55eb9","675.159617457",""
"144","2025-09-27 07:40","0x64df07b72bcf549271879bae1e441d6c97936b9cb6da79ea754717b2d6c55eb9","674.381217605",""
"145","2025-09-28 07:40","0x64df07b72bcf549271879bae1e441d6c97936b9cb6da79ea754717b2d6c55eb9","674.389791184",""
"146","2025-09-29 07:40","0x64df07b72bcf549271879bae1e441d6c97936b9cb6da79ea754717b2d6c55eb9","693.019616529",""
"147","2025-09-30 07:40","0x64df07b72bcf549271879bae1e441d6c97936b9cb6da79ea754717b2d6c55eb9","676.097408758",""
"148","2025-10-01 07:40","0x64df07b72bcf549271879bae1e441d6c97936b9cb6da79ea754717b2d6c55eb9","675.265715770",""
"149","2025-10-02 07:40","0x64df07b72bcf549271879bae1e441d6c97936b9cb6da79ea754717b2d6c55eb9","674.704164182",""
"150","2025-10-03 07:40","0x64df07b72bcf549271879bae1e441d6c97936b9cb6da79ea754717b2d6c55eb9","677.213447095",""
"125","2025-09-08 07:39","0x80ea073c0747ec71bd6002fb2674163c6eb71e0700b7309b8674e6ff9a538a47","872.948938522",""
"126","2025-09-09 07:39","0x80ea073c0747ec71bd6002fb2674163c6eb71e0700b7309b8674e6ff9a538a47","873.440627858",""
"127","2025-09-10 07:39","0x80ea073c0747ec71bd6002fb2674163c6eb71e0700b7309b8674e6ff9a538a47","871.726298927",""
"128","2025-09-11 07:39","0x80ea073c0747ec71bd6002fb2674163c6eb71e0700b7309b8674e6ff9a538a47","1113.045541839",""
"129","2025-09-12 07:39","0x80ea073c0747ec71bd6002fb2674163c6eb71e0700b7309b8674e6ff9a538a47","888.525742720",""
"130","2025-09-13 07:39","0x80ea073c0747ec71bd6002fb2674163c6eb71e0700b7309b8674e6ff9a538a47","888.363771194",""
"131","2025-09-14 07:39","0x80ea073c0747ec71bd6002fb2674163c6eb71e0700b7309b8674e6ff9a538a47","885.317973551",""
"132","2025-09-15 07:39","0x80ea073c0747ec71bd6002fb2674163c6eb71e0700b7309b8674e6ff9a538a47","888.636373573",""
"133","2025-09-16 07:39","0x80ea073c0747ec71bd6002fb2674163c6eb71e0700b7309b8674e6ff9a538a47","885.808417398",""
"134","2025-09-17 07:39","0x80ea073c0747ec71bd6002fb2674163c6eb71e0700b7309b8674e6ff9a538a47","884.358877048",""
"135","2025-09-18 07:39","0x80ea073c0747ec71bd6002fb2674163c6eb71e0700b7309b8674e6ff9a538a47","885.992023610",""
"136","2025-09-19 07:39","0x80ea073c0747ec71bd6002fb2674163c6eb71e0700b7309b8674e6ff9a538a47","882.398628181",""
"137","2025-09-20 07:39","0x80ea073c0747ec71bd6002fb2674163c6eb71e0700b7309b8674e6ff9a538a47","872.797542065",""
"138","2025-09-21 07:39","0x80ea073c0747ec71bd6002fb2674163c6eb71e0700b7309b8674e6ff9a538a47","871.292365434",""
"139","2025-09-22 07:39","0x80ea073c0747ec71bd6002fb2674163c6eb71e0700b7309b8674e6ff9a538a47","870.777036670",""
"140","2025-09-23 07:39","0x80ea073c0747ec71bd6002fb2674163c6eb71e0700b7309b8674e6ff9a538a47","872.963474549",""
"141","2025-09-24 07:39","0x80ea073c0747ec71bd6002fb2674163c6eb71e0700b7309b8674e6ff9a538a47","871.098213131",""
"142","2025-09-25 07:39","0x80ea073c0747ec71bd6002fb2674163c6eb71e0700b7309b8674e6ff9a538a47","870.999468524",""
"143","2025-09-26 07:39","0x80ea073c0747ec71bd6002fb2674163c6eb71e0700b7309b8674e6ff9a538a47","870.935351593",""
"144","2025-09-27 07:40","0x80ea073c0747ec71bd6002fb2674163c6eb71e0700b7309b8674e6ff9a538a47","869.931239483",""
"145","2025-09-28 07:40","0x80ea073c0747ec71bd6002fb2674163c6eb71e0700b7309b8674e6ff9a538a47","869.942299138",""
"146","2025-09-29 07:40","0x80ea073c0747ec71bd6002fb2674163c6eb71e0700b7309b8674e6ff9a538a47","893.974206657",""
"147","2025-09-30 07:40","0x80ea073c0747ec71bd6002fb2674163c6eb71e0700b7309b8674e6ff9a538a47","872.145073822",""
"148","2025-10-01 07:40","0x80ea073c0747ec71bd6002fb2674163c6eb71e0700b7309b8674e6ff9a538a47","871.072215187",""
"149","2025-10-02 07:40","0x80ea073c0747ec71bd6002fb2674163c6eb71e0700b7309b8674e6ff9a538a47","870.347830735",""
"150","2025-10-03 07:40","0x80ea073c0747ec71bd6002fb2674163c6eb71e0700b7309b8674e6ff9a538a47","873.584729299",""
"125","2025-09-08 07:39","0x076fd2ba397bab4f234a15df26a7de73ca2b5699c1e50af920ce4a1f9ac5c796","194.964882499",""
"126","2025-09-09 07:39","0x076fd2ba397bab4f234a15df26a7de73ca2b5699c1e50af920ce4a1f9ac5c796","195.074696659",""
"127","2025-09-10 07:39","0x076fd2ba397bab4f234a15df26a7de73ca2b5699c1e50af920ce4a1f9ac5c796","194.691817518",""
"128","2025-09-11 07:39","0x076fd2ba397bab4f234a15df26a7de73ca2b5699c1e50af920ce4a1f9ac5c796","248.588186210",""
"129","2025-09-12 07:39","0x076fd2ba397bab4f234a15df26a7de73ca2b5699c1e50af920ce4a1f9ac5c796","198.443814274",""
"130","2025-09-13 07:39","0x076fd2ba397bab4f234a15df26a7de73ca2b5699c1e50af920ce4a1f9ac5c796","198.407639467",""
"131","2025-09-14 07:39","0x076fd2ba397bab4f234a15df26a7de73ca2b5699c1e50af920ce4a1f9ac5c796","197.727389394",""
"132","2025-09-15 07:39","0x076fd2ba397bab4f234a15df26a7de73ca2b5699c1e50af920ce4a1f9ac5c796","198.468522628",""
"133","2025-09-16 07:39","0x076fd2ba397bab4f234a15df26a7de73ca2b5699c1e50af920ce4a1f9ac5c796","197.836925385",""
"134","2025-09-17 07:39","0x076fd2ba397bab4f234a15df26a7de73ca2b5699c1e50af920ce4a1f9ac5c796","197.513184268",""
"135","2025-09-18 07:39","0x076fd2ba397bab4f234a15df26a7de73ca2b5699c1e50af920ce4a1f9ac5c796","197.877932094",""
"136","2025-09-19 07:39","0x076fd2ba397bab4f234a15df26a7de73ca2b5699c1e50af920ce4a1f9ac5c796","197.075381238",""
"137","2025-09-20 07:39","0x076fd2ba397bab4f234a15df26a7de73ca2b5699c1e50af920ce4a1f9ac5c796","194.931069534",""
"138","2025-09-21 07:39","0x076fd2ba397bab4f234a15df26a7de73ca2b5699c1e50af920ce4a1f9ac5c796","194.594902580",""
"139","2025-09-22 07:39","0x076fd2ba397bab4f234a15df26a7de73ca2b5699c1e50af920ce4a1f9ac5c796","194.479808779",""
"140","2025-09-23 07:39","0x076fd2ba397bab4f234a15df26a7de73ca2b5699c1e50af920ce4a1f9ac5c796","194.968128983",""
"141","2025-09-24 07:39","0x076fd2ba397bab4f234a15df26a7de73ca2b5699c1e50af920ce4a1f9ac5c796","194.551540501",""
"142","2025-09-25 07:39","0x076fd2ba397bab4f234a15df26a7de73ca2b5699c1e50af920ce4a1f9ac5c796","194.529486828",""
"143","2025-09-26 07:39","0x076fd2ba397bab4f234a15df26a7de73ca2b5699c1e50af920ce4a1f9ac5c796","194.515166919",""
"144","2025-09-27 07:40","0x076fd2ba397bab4f234a15df26a7de73ca2b5699c1e50af920ce4a1f9ac5c796","194.290907982",""
"145","2025-09-28 07:40","0x076fd2ba397bab4f234a15df26a7de73ca2b5699c1e50af920ce4a1f9ac5c796","194.293378053",""
"146","2025-09-29 07:40","0x076fd2ba397bab4f234a15df26a7de73ca2b5699c1e50af920ce4a1f9ac5c796","199.660677122",""
"147","2025-09-30 07:40","0x076fd2ba397bab4f234a15df26a7de73ca2b5699c1e50af920ce4a1f9ac5c796","194.785346927",""
"148","2025-10-01 07:40","0x076fd2ba397bab4f234a15df26a7de73ca2b5699c1e50af920ce4a1f9ac5c796","194.545734107",""
"149","2025-10-02 07:40","0x076fd2ba397bab4f234a15df26a7de73ca2b5699c1e50af920ce4a1f9ac5c796","194.383949696",""
"150","2025-10-03 07:40","0x076fd2ba397bab4f234a15df26a7de73ca2b5699c1e50af920ce4a1f9ac5c796","195.106880351",""
"125","2025-09-08 07:39","0x185f0ba9870483fbe9ab2635b327cf1efe3a63e5fa7d198ce32a063a67b695ee","867.328166264",""
"126","2025-09-09 07:39","0x185f0ba9870483fbe9ab2635b327cf1efe3a63e5fa7d198ce32a063a67b695ee","867.816689696",""
"127","2025-09-10 07:39","0x185f0ba9870483fbe9ab2635b327cf1efe3a63e5fa7d198ce32a063a67b695ee","866.113399041",""
"128","2025-09-11 07:39","0x185f0ba9870483fbe9ab2635b327cf1efe3a63e5fa7d198ce32a063a67b695ee","1105.878827698",""
"129","2025-09-12 07:39","0x185f0ba9870483fbe9ab2635b327cf1efe3a63e5fa7d198ce32a063a67b695ee","882.804674025",""
"130","2025-09-13 07:39","0x185f0ba9870483fbe9ab2635b327cf1efe3a63e5fa7d198ce32a063a67b695ee","882.643745407",""
"131","2025-09-14 07:39","0x185f0ba9870483fbe9ab2635b327cf1efe3a63e5fa7d198ce32a063a67b695ee","879.617559145",""
"132","2025-09-15 07:39","0x185f0ba9870483fbe9ab2635b327cf1efe3a63e5fa7d198ce32a063a67b695ee","882.914592544",""
"133","2025-09-16 07:39","0x185f0ba9870483fbe9ab2635b327cf1efe3a63e5fa7d198ce32a063a67b695ee","880.104845107",""
"134","2025-09-17 07:39","0x185f0ba9870483fbe9ab2635b327cf1efe3a63e5fa7d198ce32a063a67b695ee","878.664638104",""
"135","2025-09-18 07:39","0x185f0ba9870483fbe9ab2635b327cf1efe3a63e5fa7d198ce32a063a67b695ee","880.287269109",""
"136","2025-09-19 07:39","0x185f0ba9870483fbe9ab2635b327cf1efe3a63e5fa7d198ce32a063a67b695ee","876.717010952",""
"137","2025-09-20 07:39","0x185f0ba9870483fbe9ab2635b327cf1efe3a63e5fa7d198ce32a063a67b695ee","867.177744625",""
"138","2025-09-21 07:39","0x185f0ba9870483fbe9ab2635b327cf1efe3a63e5fa7d198ce32a063a67b695ee","865.682259573",""
"139","2025-09-22 07:39","0x185f0ba9870483fbe9ab2635b327cf1efe3a63e5fa7d198ce32a063a67b695ee","865.170248926",""
"140","2025-09-23 07:39","0x185f0ba9870483fbe9ab2635b327cf1efe3a63e5fa7d198ce32a063a67b695ee","867.342608697",""
"141","2025-09-24 07:39","0x185f0ba9870483fbe9ab2635b327cf1efe3a63e5fa7d198ce32a063a67b695ee","865.489357385",""
"142","2025-09-25 07:39","0x185f0ba9870483fbe9ab2635b327cf1efe3a63e5fa7d198ce32a063a67b695ee","865.391248579",""
"143","2025-09-26 07:39","0x185f0ba9870483fbe9ab2635b327cf1efe3a63e5fa7d198ce32a063a67b695ee","865.327544485",""
"144","2025-09-27 07:40","0x185f0ba9870483fbe9ab2635b327cf1efe3a63e5fa7d198ce32a063a67b695ee","864.329897685",""
"145","2025-09-28 07:40","0x185f0ba9870483fbe9ab2635b327cf1efe3a63e5fa7d198ce32a063a67b695ee","864.340886130",""
"146","2025-09-29 07:40","0x185f0ba9870483fbe9ab2635b327cf1efe3a63e5fa7d198ce32a063a67b695ee","888.218056213",""
"147","2025-09-30 07:40","0x185f0ba9870483fbe9ab2635b327cf1efe3a63e5fa7d198ce32a063a67b695ee","866.529477515",""
"148","2025-10-01 07:40","0x185f0ba9870483fbe9ab2635b327cf1efe3a63e5fa7d198ce32a063a67b695ee","865.463526838",""
"149","2025-10-02 07:40","0x185f0ba9870483fbe9ab2635b327cf1efe3a63e5fa7d198ce32a063a67b695ee","864.743806575",""
"150","2025-10-03 07:40","0x185f0ba9870483fbe9ab2635b327cf1efe3a63e5fa7d198ce32a063a67b695ee","867.959863292",""
"125","2025-09-08 07:39","0xb18f2d0549d7e767b8344bea0437baa4f5b32db54a91a6464432103313e35c4e","477.398401267",""
"126","2025-09-09 07:39","0xb18f2d0549d7e767b8344bea0437baa4f5b32db54a91a6464432103313e35c4e","477.667296378",""
"127","2025-09-10 07:39","0xb18f2d0549d7e767b8344bea0437baa4f5b32db54a91a6464432103313e35c4e","476.729764005",""
"128","2025-09-11 07:39","0xb18f2d0549d7e767b8344bea0437baa4f5b32db54a91a6464432103313e35c4e","608.702455278",""
"129","2025-09-12 07:39","0xb18f2d0549d7e767b8344bea0437baa4f5b32db54a91a6464432103313e35c4e","485.917045476",""
"130","2025-09-13 07:39","0xb18f2d0549d7e767b8344bea0437baa4f5b32db54a91a6464432103313e35c4e","485.828466473",""
"131","2025-09-14 07:39","0xb18f2d0549d7e767b8344bea0437baa4f5b32db54a91a6464432103313e35c4e","484.162780358",""
"132","2025-09-15 07:39","0xb18f2d0549d7e767b8344bea0437baa4f5b32db54a91a6464432103313e35c4e","485.977547288",""
"133","2025-09-16 07:39","0xb18f2d0549d7e767b8344bea0437baa4f5b32db54a91a6464432103313e35c4e","484.430994338",""
"134","2025-09-17 07:39","0xb18f2d0549d7e767b8344bea0437baa4f5b32db54a91a6464432103313e35c4e","483.638269568",""
"135","2025-09-18 07:39","0xb18f2d0549d7e767b8344bea0437baa4f5b32db54a91a6464432103313e35c4e","484.531404921",""
"136","2025-09-19 07:39","0xb18f2d0549d7e767b8344bea0437baa4f5b32db54a91a6464432103313e35c4e","482.566248476",""
"137","2025-09-20 07:39","0xb18f2d0549d7e767b8344bea0437baa4f5b32db54a91a6464432103313e35c4e","477.315605557",""
"138","2025-09-21 07:39","0xb18f2d0549d7e767b8344bea0437baa4f5b32db54a91a6464432103313e35c4e","476.492454413",""
"139","2025-09-22 07:39","0xb18f2d0549d7e767b8344bea0437baa4f5b32db54a91a6464432103313e35c4e","476.210631368",""
"140","2025-09-23 07:39","0xb18f2d0549d7e767b8344bea0437baa4f5b32db54a91a6464432103313e35c4e","477.406350730",""
"141","2025-09-24 07:39","0xb18f2d0549d7e767b8344bea0437baa4f5b32db54a91a6464432103313e35c4e","476.386276383",""
"142","2025-09-25 07:39","0xb18f2d0549d7e767b8344bea0437baa4f5b32db54a91a6464432103313e35c4e","476.332274922",""
"143","2025-09-26 07:39","0xb18f2d0549d7e767b8344bea0437baa4f5b32db54a91a6464432103313e35c4e","476.297210649",""
"144","2025-09-27 07:40","0xb18f2d0549d7e767b8344bea0437baa4f5b32db54a91a6464432103313e35c4e","475.748081719",""
"145","2025-09-28 07:40","0xb18f2d0549d7e767b8344bea0437baa4f5b32db54a91a6464432103313e35c4e","475.754130025",""
"146","2025-09-29 07:40","0xb18f2d0549d7e767b8344bea0437baa4f5b32db54a91a6464432103313e35c4e","488.896701970",""
"147","2025-09-30 07:40","0xb18f2d0549d7e767b8344bea0437baa4f5b32db54a91a6464432103313e35c4e","476.958783660",""
"148","2025-10-01 07:40","0xb18f2d0549d7e767b8344bea0437baa4f5b32db54a91a6464432103313e35c4e","476.372058624",""
"149","2025-10-02 07:40","0xb18f2d0549d7e767b8344bea0437baa4f5b32db54a91a6464432103313e35c4e","475.975907184",""
"150","2025-10-03 07:40","0xb18f2d0549d7e767b8344bea0437baa4f5b32db54a91a6464432103313e35c4e","477.746102590",""
"125","2025-09-08 07:39","0xbe2f968cf3d404ecc7023dd6a91194ab15606b0e2869e21ee400a7ed555d91cd","966.680564725",""
"126","2025-09-09 07:39","0xbe2f968cf3d404ecc7023dd6a91194ab15606b0e2869e21ee400a7ed555d91cd","964.972492620",""
"127","2025-09-10 07:39","0xbe2f968cf3d404ecc7023dd6a91194ab15606b0e2869e21ee400a7ed555d91cd","975.247891229",""
"128","2025-09-11 07:39","0xbe2f968cf3d404ecc7023dd6a91194ab15606b0e2869e21ee400a7ed555d91cd","966.267968140",""
"129","2025-09-12 07:39","0xbe2f968cf3d404ecc7023dd6a91194ab15606b0e2869e21ee400a7ed555d91cd","984.205103224",""
"130","2025-09-13 07:39","0xbe2f968cf3d404ecc7023dd6a91194ab15606b0e2869e21ee400a7ed555d91cd","1003.698288484",""
"131","2025-09-14 07:39","0xbe2f968cf3d404ecc7023dd6a91194ab15606b0e2869e21ee400a7ed555d91cd","1372.810369844",""
"132","2025-09-15 07:39","0xbe2f968cf3d404ecc7023dd6a91194ab15606b0e2869e21ee400a7ed555d91cd","988.471041288",""
"133","2025-09-16 07:39","0xbe2f968cf3d404ecc7023dd6a91194ab15606b0e2869e21ee400a7ed555d91cd","991.609043426",""
"134","2025-09-17 07:39","0xbe2f968cf3d404ecc7023dd6a91194ab15606b0e2869e21ee400a7ed555d91cd","991.593499819",""
"135","2025-09-18 07:39","0xbe2f968cf3d404ecc7023dd6a91194ab15606b0e2869e21ee400a7ed555d91cd","1175.306782882",""
"136","2025-09-19 07:39","0xbe2f968cf3d404ecc7023dd6a91194ab15606b0e2869e21ee400a7ed555d91cd","979.996528851",""
"137","2025-09-20 07:39","0xbe2f968cf3d404ecc7023dd6a91194ab15606b0e2869e21ee400a7ed555d91cd","978.029918304",""
"138","2025-09-21 07:39","0xbe2f968cf3d404ecc7023dd6a91194ab15606b0e2869e21ee400a7ed555d91cd","975.925707847",""
"139","2025-09-22 07:39","0xbe2f968cf3d404ecc7023dd6a91194ab15606b0e2869e21ee400a7ed555d91cd","975.918898760",""
"140","2025-09-23 07:39","0xbe2f968cf3d404ecc7023dd6a91194ab15606b0e2869e21ee400a7ed555d91cd","978.728178933",""
"141","2025-09-24 07:39","0xbe2f968cf3d404ecc7023dd6a91194ab15606b0e2869e21ee400a7ed555d91cd","977.671993021",""
"142","2025-09-25 07:39","0xbe2f968cf3d404ecc7023dd6a91194ab15606b0e2869e21ee400a7ed555d91cd","1000.706230687",""
"143","2025-09-26 07:39","0xbe2f968cf3d404ecc7023dd6a91194ab15606b0e2869e21ee400a7ed555d91cd","979.063261712",""
"144","2025-09-27 07:40","0xbe2f968cf3d404ecc7023dd6a91194ab15606b0e2869e21ee400a7ed555d91cd","979.037163217",""
"145","2025-09-28 07:40","0xbe2f968cf3d404ecc7023dd6a91194ab15606b0e2869e21ee400a7ed555d91cd","978.998558295",""
"146","2025-09-29 07:40","0xbe2f968cf3d404ecc7023dd6a91194ab15606b0e2869e21ee400a7ed555d91cd","978.283241256",""
"147","2025-09-30 07:40","0xbe2f968cf3d404ecc7023dd6a91194ab15606b0e2869e21ee400a7ed555d91cd","975.253091679",""
"148","2025-10-01 07:40","0xbe2f968cf3d404ecc7023dd6a91194ab15606b0e2869e21ee400a7ed555d91cd","997.308467206",""
"149","2025-10-02 07:40","0xbe2f968cf3d404ecc7023dd6a91194ab15606b0e2869e21ee400a7ed555d91cd","1023.231498362",""
"150","2025-10-03 07:40","0xbe2f968cf3d404ecc7023dd6a91194ab15606b0e2869e21ee400a7ed555d91cd","1008.030574790",""
"125","2025-09-08 07:39","0x3c44cdfe8216e0a9b5ad94a22e29044dd73c92ff8939940181758f0e24906be3","961.579286834",""
"126","2025-09-09 07:39","0x3c44cdfe8216e0a9b5ad94a22e29044dd73c92ff8939940181758f0e24906be3","959.880228411",""
"127","2025-09-10 07:39","0x3c44cdfe8216e0a9b5ad94a22e29044dd73c92ff8939940181758f0e24906be3","970.101402631",""
"128","2025-09-11 07:39","0x3c44cdfe8216e0a9b5ad94a22e29044dd73c92ff8939940181758f0e24906be3","961.168867567",""
"129","2025-09-12 07:39","0x3c44cdfe8216e0a9b5ad94a22e29044dd73c92ff8939940181758f0e24906be3","979.011346448",""
"130","2025-09-13 07:39","0x3c44cdfe8216e0a9b5ad94a22e29044dd73c92ff8939940181758f0e24906be3","998.401664062",""
"131","2025-09-14 07:39","0x3c44cdfe8216e0a9b5ad94a22e29044dd73c92ff8939940181758f0e24906be3","1365.565901048",""
"132","2025-09-15 07:39","0x3c44cdfe8216e0a9b5ad94a22e29044dd73c92ff8939940181758f0e24906be3","983.254772696",""
"133","2025-09-16 07:39","0x3c44cdfe8216e0a9b5ad94a22e29044dd73c92ff8939940181758f0e24906be3","986.376215258",""
"134","2025-09-17 07:39","0x3c44cdfe8216e0a9b5ad94a22e29044dd73c92ff8939940181758f0e24906be3","986.360753676",""
"135","2025-09-18 07:39","0x3c44cdfe8216e0a9b5ad94a22e29044dd73c92ff8939940181758f0e24906be3","1169.104561875",""
"136","2025-09-19 07:39","0x3c44cdfe8216e0a9b5ad94a22e29044dd73c92ff8939940181758f0e24906be3","974.824981179",""
"137","2025-09-20 07:39","0x3c44cdfe8216e0a9b5ad94a22e29044dd73c92ff8939940181758f0e24906be3","972.868748647",""
"138","2025-09-21 07:39","0x3c44cdfe8216e0a9b5ad94a22e29044dd73c92ff8939940181758f0e24906be3","970.775642337",""
"139","2025-09-22 07:39","0x3c44cdfe8216e0a9b5ad94a22e29044dd73c92ff8939940181758f0e24906be3","970.768869181",""
"140","2025-09-23 07:39","0x3c44cdfe8216e0a9b5ad94a22e29044dd73c92ff8939940181758f0e24906be3","973.563324481",""
"141","2025-09-24 07:39","0x3c44cdfe8216e0a9b5ad94a22e29044dd73c92ff8939940181758f0e24906be3","972.512712175",""
"142","2025-09-25 07:39","0x3c44cdfe8216e0a9b5ad94a22e29044dd73c92ff8939940181758f0e24906be3","995.425395677",""
"143","2025-09-26 07:39","0x3c44cdfe8216e0a9b5ad94a22e29044dd73c92ff8939940181758f0e24906be3","973.896638991",""
"144","2025-09-27 07:40","0x3c44cdfe8216e0a9b5ad94a22e29044dd73c92ff8939940181758f0e24906be3","973.870678220",""
"145","2025-09-28 07:40","0x3c44cdfe8216e0a9b5ad94a22e29044dd73c92ff8939940181758f0e24906be3","973.832277021",""
"146","2025-09-29 07:40","0x3c44cdfe8216e0a9b5ad94a22e29044dd73c92ff8939940181758f0e24906be3","973.120734786",""
"147","2025-09-30 07:40","0x3c44cdfe8216e0a9b5ad94a22e29044dd73c92ff8939940181758f0e24906be3","970.106575638",""
"148","2025-10-01 07:40","0x3c44cdfe8216e0a9b5ad94a22e29044dd73c92ff8939940181758f0e24906be3","992.045562562",""
"149","2025-10-02 07:40","0x3c44cdfe8216e0a9b5ad94a22e29044dd73c92ff8939940181758f0e24906be3","1017.831795078",""
"150","2025-10-03 07:40","0x3c44cdfe8216e0a9b5ad94a22e29044dd73c92ff8939940181758f0e24906be3","1002.711088425",""
"125","2025-09-08 07:39","0xd06b97202ff09a2921cb7665094e83f81d791f4e161ed1194c6d88daa6cc3b80","939.224598788",""
"126","2025-09-09 07:39","0xd06b97202ff09a2921cb7665094e83f81d791f4e161ed1194c6d88daa6cc3b80","939.197469274",""
"127","2025-09-10 07:39","0xd06b97202ff09a2921cb7665094e83f81d791f4e161ed1194c6d88daa6cc3b80","938.108098456",""
"128","2025-09-11 07:39","0xd06b97202ff09a2921cb7665094e83f81d791f4e161ed1194c6d88daa6cc3b80","937.892125906",""
"129","2025-09-12 07:39","0xd06b97202ff09a2921cb7665094e83f81d791f4e161ed1194c6d88daa6cc3b80","967.173383846",""
"130","2025-09-13 07:39","0xd06b97202ff09a2921cb7665094e83f81d791f4e161ed1194c6d88daa6cc3b80","967.144653377",""
"131","2025-09-14 07:39","0xd06b97202ff09a2921cb7665094e83f81d791f4e161ed1194c6d88daa6cc3b80","967.264009942",""
"132","2025-09-15 07:39","0xd06b97202ff09a2921cb7665094e83f81d791f4e161ed1194c6d88daa6cc3b80","967.150073932",""
"133","2025-09-16 07:39","0xd06b97202ff09a2921cb7665094e83f81d791f4e161ed1194c6d88daa6cc3b80","967.121374903",""
"134","2025-09-17 07:39","0xd06b97202ff09a2921cb7665094e83f81d791f4e161ed1194c6d88daa6cc3b80","937.388620235",""
"135","2025-09-18 07:39","0xd06b97202ff09a2921cb7665094e83f81d791f4e161ed1194c6d88daa6cc3b80","937.361678212",""
"136","2025-09-19 07:39","0xd06b97202ff09a2921cb7665094e83f81d791f4e161ed1194c6d88daa6cc3b80","937.334747604",""
"137","2025-09-20 07:39","0xd06b97202ff09a2921cb7665094e83f81d791f4e161ed1194c6d88daa6cc3b80","906.823170253",""
"138","2025-09-21 07:39","0xd06b97202ff09a2921cb7665094e83f81d791f4e161ed1194c6d88daa6cc3b80","906.797980515",""
"139","2025-09-22 07:39","0xd06b97202ff09a2921cb7665094e83f81d791f4e161ed1194c6d88daa6cc3b80","906.772801047",""
"140","2025-09-23 07:39","0xd06b97202ff09a2921cb7665094e83f81d791f4e161ed1194c6d88daa6cc3b80","906.747632163",""
"141","2025-09-24 07:39","0xd06b97202ff09a2921cb7665094e83f81d791f4e161ed1194c6d88daa6cc3b80","906.722338096",""
"142","2025-09-25 07:39","0xd06b97202ff09a2921cb7665094e83f81d791f4e161ed1194c6d88daa6cc3b80","906.631081478",""
"143","2025-09-26 07:39","0xd06b97202ff09a2921cb7665094e83f81d791f4e161ed1194c6d88daa6cc3b80","906.341716934",""
"144","2025-09-27 07:40","0xd06b97202ff09a2921cb7665094e83f81d791f4e161ed1194c6d88daa6cc3b80","906.185916519",""
"145","2025-09-28 07:40","0xd06b97202ff09a2921cb7665094e83f81d791f4e161ed1194c6d88daa6cc3b80","906.160819139",""
"146","2025-09-29 07:40","0xd06b97202ff09a2921cb7665094e83f81d791f4e161ed1194c6d88daa6cc3b80","906.135731081",""
"147","2025-09-30 07:40","0xd06b97202ff09a2921cb7665094e83f81d791f4e161ed1194c6d88daa6cc3b80","906.110667553",""
"148","2025-10-01 07:40","0xd06b97202ff09a2921cb7665094e83f81d791f4e161ed1194c6d88daa6cc3b80","936.216471494",""
"149","2025-10-02 07:40","0xd06b97202ff09a2921cb7665094e83f81d791f4e161ed1194c6d88daa6cc3b80","936.262615215",""
"150","2025-10-03 07:40","0xd06b97202ff09a2921cb7665094e83f81d791f4e161ed1194c6d88daa6cc3b80","936.304100825",""
"135","2025-09-18 07:39","0x6fa71d53a0c155086062efdf197408e0f8d9c9f932b414b4738faaad790b94be","-","Staked: TX: 7gEphrG5xnkjZcWxQip591JA4WJnD7iVhBqzWYRd4P1s | Amount: 1000.000000000 IOTA"
"136","2025-09-19 07:39","0x6fa71d53a0c155086062efdf197408e0f8d9c9f932b414b4738faaad790b94be","0.306753040",""
"137","2025-09-20 07:39","0x6fa71d53a0c155086062efdf197408e0f8d9c9f932b414b4738faaad790b94be","0.303415362",""
"138","2025-09-21 07:39","0x6fa71d53a0c155086062efdf197408e0f8d9c9f932b414b4738faaad790b94be","0.302892110",""
"139","2025-09-22 07:39","0x6fa71d53a0c155086062efdf197408e0f8d9c9f932b414b4738faaad790b94be","0.302712963",""
"140","2025-09-23 07:39","0x6fa71d53a0c155086062efdf197408e0f8d9c9f932b414b4738faaad790b94be","0.303473047",""
"141","2025-09-24 07:39","0x6fa71d53a0c155086062efdf197408e0f8d9c9f932b414b4738faaad790b94be","0.302824615",""
"142","2025-09-25 07:39","0x6fa71d53a0c155086062efdf197408e0f8d9c9f932b414b4738faaad790b94be","0.302790289",""
"143","2025-09-26 07:39","0x6fa71d53a0c155086062efdf197408e0f8d9c9f932b414b4738faaad790b94be","0.302767999",""
"144","2025-09-27 07:40","0x6fa71d53a0c155086062efdf197408e0f8d9c9f932b414b4738faaad790b94be","0.302418934",""
"145","2025-09-28 07:40","0x6fa71d53a0c155086062efdf197408e0f8d9c9f932b414b4738faaad790b94be","0.302422779",""
"146","2025-09-29 07:40","0x6fa71d53a0c155086062efdf197408e0f8d9c9f932b414b4738faaad790b94be","-","Unstaked: TX: HmqWCDdjquqWJ6t5nArVRkKtKZLjhhP5DF6wDPYsrnzr | Amount: 1000.000000000 IOTA | Rewards: 3.032471138 IOTA"
"136","2025-09-19 07:39","0x2b51887b8cc8abf61dc58b171ecedf705aa8033d743ab16ac0bb4ac9b8347243","-","Staked: TX: F71qhcWcRbuuwsni3CEe57CFf2hr5ehmk7yWcgLwLMTd | Amount: 21000000.000000000 IOTA"
"137","2025-09-20 07:39","0x2b51887b8cc8abf61dc58b171ecedf705aa8033d743ab16ac0bb4ac9b8347243","6369.768667623",""
"138","2025-09-21 07:39","0x2b51887b8cc8abf61dc58b171ecedf705aa8033d743ab16ac0bb4ac9b8347243","6358.783729554",""
"139","2025-09-22 07:39","0x2b51887b8cc8abf61dc58b171ecedf705aa8033d743ab16ac0bb4ac9b8347243","6355.022805798",""
"140","2025-09-23 07:39","0x2b51887b8cc8abf61dc58b171ecedf705aa8033d743ab16ac0bb4ac9b8347243","6370.979660418",""
"141","2025-09-24 07:39","0x2b51887b8cc8abf61dc58b171ecedf705aa8033d743ab16ac0bb4ac9b8347243","6357.366785542",""
"142","2025-09-25 07:39","0x2b51887b8cc8abf61dc58b171ecedf705aa8033d743ab16ac0bb4ac9b8347243","6356.646136966",""
"143","2025-09-26 07:39","0x2b51887b8cc8abf61dc58b171ecedf705aa8033d743ab16ac0bb4ac9b8347243","6356.178204830",""
"144","2025-09-27 07:40","0x2b51887b8cc8abf61dc58b171ecedf705aa8033d743ab16ac0bb4ac9b8347243","6348.850088569",""
"145","2025-09-28 07:40","0x2b51887b8cc8abf61dc58b171ecedf705aa8033d743ab16ac0bb4ac9b8347243","6348.930803106",""
"146","2025-09-29 07:40","0x2b51887b8cc8abf61dc58b171ecedf705aa8033d743ab16ac0bb4ac9b8347243","5592.583427245","Partial Unstake: TX: HmqWCDdjquqWJ6t5nArVRkKtKZLjhhP5DF6wDPYsrnzr | Amount: 2999000.000000000 IOTA | Rewards: 8171.921815253 IOTA | Principal: 21000000.000000000 IOTA → 18001000.000000000 IOTA | Merged: 1 objects"
"147","2025-09-30 07:40","0x2b51887b8cc8abf61dc58b171ecedf705aa8033d743ab16ac0bb4ac9b8347243","5456.023283097",""
"148","2025-10-01 07:40","0x2b51887b8cc8abf61dc58b171ecedf705aa8033d743ab16ac0bb4ac9b8347243","5449.311622543",""
"149","2025-10-02 07:40","0x2b51887b8cc8abf61dc58b171ecedf705aa8033d743ab16ac0bb4ac9b8347243","5444.779970005",""
"150","2025-10-03 07:40","0x2b51887b8cc8abf61dc58b171ecedf705aa8033d743ab16ac0bb4ac9b8347243","5465.029575790",""
